mean_fit_time,std_fit_time,mean_score_time,std_score_time,param_clf__C,param_clf__class_weight,param_clf__penalty,param_clf__solver,param_tfidf__max_features,param_tfidf__min_df,param_tfidf__ngram_range,params,split0_test_score,split1_test_score,split2_test_score,split3_test_score,split4_test_score,mean_test_score,std_test_score,rank_test_score,split0_train_score,split1_train_score,split2_train_score,split3_train_score,split4_train_score,mean_train_score,std_train_score
0.28554706573486327,0.026479138379286327,0.06999793052673339,0.013189232118641783,0.01,balanced,l1,liblinear,5000,2,"(1, 1)","{'clf__C': 0.01, 'clf__class_weight': 'balanced', 'clf__penalty': 'l1', 'clf__solver': 'liblinear', 'tfidf__max_features': 5000, 'tfidf__min_df': 2, 'tfidf__ngram_range': (1, 1)}",0.0,0.0,0.0,0.0,0.0,0.0,0.0,163,0.0,0.0,0.0,0.0,0.0,0.0,0.0
1.5665165424346923,0.3864104545506361,0.1615832805633545,0.053327270390487846,0.01,balanced,l1,liblinear,5000,2,"(1, 2)","{'clf__C': 0.01, 'clf__class_weight': 'balanced', 'clf__penalty': 'l1', 'clf__solver': 'liblinear', 'tfidf__max_features': 5000, 'tfidf__min_df': 2, 'tfidf__ngram_range': (1, 2)}",0.0,0.0,0.0,0.0,0.0,0.0,0.0,163,0.0,0.0,0.0,0.0,0.0,0.0,0.0
0.29059853553771975,0.08341765561922804,0.07809476852416992,0.02558583108631036,0.01,balanced,l1,liblinear,5000,3,"(1, 1)","{'clf__C': 0.01, 'clf__class_weight': 'balanced', 'clf__penalty': 'l1', 'clf__solver': 'liblinear', 'tfidf__max_features': 5000, 'tfidf__min_df': 3, 'tfidf__ngram_range': (1, 1)}",0.0,0.0,0.0,0.0,0.0,0.0,0.0,163,0.0,0.0,0.0,0.0,0.0,0.0,0.0
1.4707820892333985,0.3094117102921883,0.13577709197998047,0.05958234604378555,0.01,balanced,l1,liblinear,5000,3,"(1, 2)","{'clf__C': 0.01, 'clf__class_weight': 'balanced', 'clf__penalty': 'l1', 'clf__solver': 'liblinear', 'tfidf__max_features': 5000, 'tfidf__min_df': 3, 'tfidf__ngram_range': (1, 2)}",0.0,0.0,0.0,0.0,0.0,0.0,0.0,163,0.0,0.0,0.0,0.0,0.0,0.0,0.0
0.3067558765411377,0.07280104483333724,0.07711877822875976,0.028785923613288758,0.01,balanced,l1,liblinear,5000,5,"(1, 1)","{'clf__C': 0.01, 'clf__class_weight': 'balanced', 'clf__penalty': 'l1', 'clf__solver': 'liblinear', 'tfidf__max_features': 5000, 'tfidf__min_df': 5, 'tfidf__ngram_range': (1, 1)}",0.0,0.0,0.0,0.0,0.0,0.0,0.0,163,0.0,0.0,0.0,0.0,0.0,0.0,0.0
1.074079704284668,0.11923733186582743,0.11648836135864257,0.024735524231529124,0.01,balanced,l1,liblinear,5000,5,"(1, 2)","{'clf__C': 0.01, 'clf__class_weight': 'balanced', 'clf__penalty': 'l1', 'clf__solver': 'liblinear', 'tfidf__max_features': 5000, 'tfidf__min_df': 5, 'tfidf__ngram_range': (1, 2)}",0.0,0.0,0.0,0.0,0.0,0.0,0.0,163,0.0,0.0,0.0,0.0,0.0,0.0,0.0
0.25620322227478026,0.05049243095260977,0.05706777572631836,0.006078306524211251,0.01,balanced,l1,liblinear,10000,2,"(1, 1)","{'clf__C': 0.01, 'clf__class_weight': 'balanced', 'clf__penalty': 'l1', 'clf__solver': 'liblinear', 'tfidf__max_features': 10000, 'tfidf__min_df': 2, 'tfidf__ngram_range': (1, 1)}",0.0,0.0,0.0,0.0,0.0,0.0,0.0,163,0.0,0.0,0.0,0.0,0.0,0.0,0.0
1.0330289840698241,0.04600062383836257,0.13462629318237304,0.014719781762196781,0.01,balanced,l1,liblinear,10000,2,"(1, 2)","{'clf__C': 0.01, 'clf__class_weight': 'balanced', 'clf__penalty': 'l1', 'clf__solver': 'liblinear', 'tfidf__max_features': 10000, 'tfidf__min_df': 2, 'tfidf__ngram_range': (1, 2)}",0.0,0.0,0.0,0.0,0.0,0.0,0.0,163,0.0,0.0,0.0,0.0,0.0,0.0,0.0
0.29555764198303225,0.09160808453377144,0.08846969604492187,0.04187927443393242,0.01,balanced,l1,liblinear,10000,3,"(1, 1)","{'clf__C': 0.01, 'clf__class_weight': 'balanced', 'clf__penalty': 'l1', 'clf__solver': 'liblinear', 'tfidf__max_features': 10000, 'tfidf__min_df': 3, 'tfidf__ngram_range': (1, 1)}",0.0,0.0,0.0,0.0,0.0,0.0,0.0,163,0.0,0.0,0.0,0.0,0.0,0.0,0.0
1.2320812225341797,0.2804134839290414,0.14043064117431642,0.04794118072617321,0.01,balanced,l1,liblinear,10000,3,"(1, 2)","{'clf__C': 0.01, 'clf__class_weight': 'balanced', 'clf__penalty': 'l1', 'clf__solver': 'liblinear', 'tfidf__max_features': 10000, 'tfidf__min_df': 3, 'tfidf__ngram_range': (1, 2)}",0.0,0.0,0.0,0.0,0.0,0.0,0.0,163,0.0,0.0,0.0,0.0,0.0,0.0,0.0
0.30088181495666505,0.060120915867833864,0.06871538162231446,0.020029588270304873,0.01,balanced,l1,liblinear,10000,5,"(1, 1)","{'clf__C': 0.01, 'clf__class_weight': 'balanced', 'clf__penalty': 'l1', 'clf__solver': 'liblinear', 'tfidf__max_features': 10000, 'tfidf__min_df': 5, 'tfidf__ngram_range': (1, 1)}",0.0,0.0,0.0,0.0,0.0,0.0,0.0,163,0.0,0.0,0.0,0.0,0.0,0.0,0.0
1.0087924957275392,0.3548770102476785,0.11685290336608886,0.04230120311485489,0.01,balanced,l1,liblinear,10000,5,"(1, 2)","{'clf__C': 0.01, 'clf__class_weight': 'balanced', 'clf__penalty': 'l1', 'clf__solver': 'liblinear', 'tfidf__max_features': 10000, 'tfidf__min_df': 5, 'tfidf__ngram_range': (1, 2)}",0.0,0.0,0.0,0.0,0.0,0.0,0.0,163,0.0,0.0,0.0,0.0,0.0,0.0,0.0
0.24897174835205077,0.08657631706101021,0.06561284065246582,0.0227915980951291,0.01,balanced,l1,liblinear,20000,2,"(1, 1)","{'clf__C': 0.01, 'clf__class_weight': 'balanced', 'clf__penalty': 'l1', 'clf__solver': 'liblinear', 'tfidf__max_features': 20000, 'tfidf__min_df': 2, 'tfidf__ngram_range': (1, 1)}",0.0,0.0,0.0,0.0,0.0,0.0,0.0,163,0.0,0.0,0.0,0.0,0.0,0.0,0.0
1.1990842342376709,0.3600770096219963,0.1614133358001709,0.048353758696525494,0.01,balanced,l1,liblinear,20000,2,"(1, 2)","{'clf__C': 0.01, 'clf__class_weight': 'balanced', 'clf__penalty': 'l1', 'clf__solver': 'liblinear', 'tfidf__max_features': 20000, 'tfidf__min_df': 2, 'tfidf__ngram_range': (1, 2)}",0.0,0.0,0.0,0.0,0.0,0.0,0.0,163,0.0,0.0,0.0,0.0,0.0,0.0,0.0
0.30440077781677244,0.12387721077723313,0.07348365783691406,0.02326525036076658,0.01,balanced,l1,liblinear,20000,3,"(1, 1)","{'clf__C': 0.01, 'clf__class_weight': 'balanced', 'clf__penalty': 'l1', 'clf__solver': 'liblinear', 'tfidf__max_features': 20000, 'tfidf__min_df': 3, 'tfidf__ngram_range': (1, 1)}",0.0,0.0,0.0,0.0,0.0,0.0,0.0,163,0.0,0.0,0.0,0.0,0.0,0.0,0.0
1.297188663482666,0.33710835359695973,0.12624263763427734,0.036728175781757536,0.01,balanced,l1,liblinear,20000,3,"(1, 2)","{'clf__C': 0.01, 'clf__class_weight': 'balanced', 'clf__penalty': 'l1', 'clf__solver': 'liblinear', 'tfidf__max_features': 20000, 'tfidf__min_df': 3, 'tfidf__ngram_range': (1, 2)}",0.0,0.0,0.0,0.0,0.0,0.0,0.0,163,0.0,0.0,0.0,0.0,0.0,0.0,0.0
0.3340113162994385,0.103113978080842,0.0722111701965332,0.023244440932146296,0.01,balanced,l1,liblinear,20000,5,"(1, 1)","{'clf__C': 0.01, 'clf__class_weight': 'balanced', 'clf__penalty': 'l1', 'clf__solver': 'liblinear', 'tfidf__max_features': 20000, 'tfidf__min_df': 5, 'tfidf__ngram_range': (1, 1)}",0.0,0.0,0.0,0.0,0.0,0.0,0.0,163,0.0,0.0,0.0,0.0,0.0,0.0,0.0
1.1703891277313232,0.3264836798986219,0.18099474906921387,0.040699722201831955,0.01,balanced,l1,liblinear,20000,5,"(1, 2)","{'clf__C': 0.01, 'clf__class_weight': 'balanced', 'clf__penalty': 'l1', 'clf__solver': 'liblinear', 'tfidf__max_features': 20000, 'tfidf__min_df': 5, 'tfidf__ngram_range': (1, 2)}",0.0,0.0,0.0,0.0,0.0,0.0,0.0,163,0.0,0.0,0.0,0.0,0.0,0.0,0.0
0.3062137603759766,0.09508847465524195,0.07897238731384278,0.01761795101498451,0.01,balanced,l2,liblinear,5000,2,"(1, 1)","{'clf__C': 0.01, 'clf__class_weight': 'balanced', 'clf__penalty': 'l2', 'clf__solver': 'liblinear', 'tfidf__max_features': 5000, 'tfidf__min_df': 2, 'tfidf__ngram_range': (1, 1)}",0.6776556776556777,0.6877323420074349,0.7063197026022305,0.6617647058823529,0.7061068702290076,0.6879158596753407,0.017080996211912256,80,0.7029053420805998,0.7102001906577693,0.7041587901701323,0.7028301886792453,0.697565543071161,0.7035320109317815,0.004033397578387619
1.18214955329895,0.2573991916699563,0.14555931091308594,0.07839253053785947,0.01,balanced,l2,liblinear,5000,2,"(1, 2)","{'clf__C': 0.01, 'clf__class_weight': 'balanced', 'clf__penalty': 'l2', 'clf__solver': 'liblinear', 'tfidf__max_features': 5000, 'tfidf__min_df': 2, 'tfidf__ngram_range': (1, 2)}",0.6877323420074349,0.6792452830188679,0.6870229007633588,0.6730769230769231,0.7115384615384616,0.6877231820810094,0.013069396992878317,84,0.7183908045977011,0.7296767874632712,0.732421875,0.7365853658536585,0.726660250240616,0.7287470166310495,0.006122327956190919
0.26065678596496583,0.02796392338337613,0.05980143547058105,0.0059863108161702094,0.01,balanced,l2,liblinear,5000,3,"(1, 1)","{'clf__C': 0.01, 'clf__class_weight': 'balanced', 'clf__penalty': 'l2', 'clf__solver': 'liblinear', 'tfidf__max_features': 5000, 'tfidf__min_df': 3, 'tfidf__ngram_range': (1, 1)}",0.6751824817518248,0.6851851851851852,0.7037037037037037,0.6666666666666666,0.7088122605363985,0.6879100595687557,0.016168111329638357,81,0.7009345794392523,0.706831119544592,0.696798493408663,0.7008466603951082,0.6962616822429907,0.7003345070061212,0.0037926153563589723
1.2319919109344482,0.3311301289232326,0.14186153411865235,0.041843781827679276,0.01,balanced,l2,liblinear,5000,3,"(1, 2)","{'clf__C': 0.01, 'clf__class_weight': 'balanced', 'clf__penalty': 'l2', 'clf__solver': 'liblinear', 'tfidf__max_features': 5000, 'tfidf__min_df': 3, 'tfidf__ngram_range': (1, 2)}",0.6877323420074349,0.6954887218045113,0.6896551724137931,0.6679389312977099,0.7115384615384616,0.6904707258123822,0.014034781150139179,76,0.7149666348903718,0.7282502443792767,0.7337220602526725,0.7358674463937622,0.726660250240616,0.7278933272313399,0.007298053831591966
0.25668954849243164,0.0745977720483085,0.06118807792663574,0.018547970429212125,0.01,balanced,l2,liblinear,5000,5,"(1, 1)","{'clf__C': 0.01, 'clf__class_weight': 'balanced', 'clf__penalty': 'l2', 'clf__solver': 'liblinear', 'tfidf__max_features': 5000, 'tfidf__min_df': 5, 'tfidf__ngram_range': (1, 1)}",0.6727272727272727,0.6801470588235294,0.6985294117647058,0.6666666666666666,0.7007575757575758,0.6837655971479502,0.013667548487809338,86,0.6970260223048327,0.7048249763481551,0.6933962264150944,0.700187969924812,0.6896551724137931,0.6970180734813375,0.005259774278802698
0.9608159542083741,0.04778835150259397,0.09239983558654785,0.0069230204149452485,0.01,balanced,l2,liblinear,5000,5,"(1, 2)","{'clf__C': 0.01, 'clf__class_weight': 'balanced', 'clf__penalty': 'l2', 'clf__solver': 'liblinear', 'tfidf__max_features': 5000, 'tfidf__min_df': 5, 'tfidf__ngram_range': (1, 2)}",0.6877323420074349,0.6818181818181818,0.6896551724137931,0.6679389312977099,0.7061068702290076,0.6866502995532254,0.012346844803766147,85,0.7149666348903718,0.7303921568627451,0.7302823758519961,0.7337220602526725,0.7252641690682037,0.7269254793851978,0.006561311328248951
0.36609830856323244,0.15127805074172893,0.10254569053649902,0.0702583942322213,0.01,balanced,l2,liblinear,10000,2,"(1, 1)","{'clf__C': 0.01, 'clf__class_weight': 'balanced', 'clf__penalty': 'l2', 'clf__solver': 'liblinear', 'tfidf__max_features': 10000, 'tfidf__min_df': 2, 'tfidf__ngram_range': (1, 1)}",0.6776556776556777,0.6902985074626866,0.7063197026022305,0.6617647058823529,0.7061068702290076,0.688429092766391,0.017106305554807383,78,0.702247191011236,0.7081749049429658,0.7048249763481551,0.7034938621340887,0.698874296435272,0.7035230461743435,0.003052027012417811
1.0532098293304444,0.34459212566319886,0.12363414764404297,0.041775384858197616,0.01,balanced,l2,liblinear,10000,2,"(1, 2)","{'clf__C': 0.01, 'clf__class_weight': 'balanced', 'clf__penalty': 'l2', 'clf__solver': 'liblinear', 'tfidf__max_features': 10000, 'tfidf__min_df': 2, 'tfidf__ngram_range': (1, 2)}",0.7037037037037037,0.6981132075471698,0.6896551724137931,0.6870229007633588,0.7115384615384616,0.6980066891932974,0.009010744964594607,66,0.7253384912959381,0.7405566600397614,0.7445759368836292,0.7472959685349065,0.7421875,0.7399909113508472,0.007671046947278292
0.2861426830291748,0.10396372682663631,0.07855463027954102,0.031680826455259554,0.01,balanced,l2,liblinear,10000,3,"(1, 1)","{'clf__C': 0.01, 'clf__class_weight': 'balanced', 'clf__penalty': 'l2', 'clf__solver': 'liblinear', 'tfidf__max_features': 10000, 'tfidf__min_df': 3, 'tfidf__ngram_range': (1, 1)}",0.6751824817518248,0.6851851851851852,0.7037037037037037,0.6666666666666666,0.7088122605363985,0.6879100595687557,0.016168111329638357,81,0.7009345794392523,0.706831119544592,0.696798493408663,0.7008466603951082,0.6962616822429907,0.7003345070061212,0.0037926153563589723
0.8583579063415527,0.012256459733497347,0.1011469841003418,0.015293533734622423,0.01,balanced,l2,liblinear,10000,3,"(1, 2)","{'clf__C': 0.01, 'clf__class_weight': 'balanced', 'clf__penalty': 'l2', 'clf__solver': 'liblinear', 'tfidf__max_features': 10000, 'tfidf__min_df': 3, 'tfidf__ngram_range': (1, 2)}",0.7037037037037037,0.6954887218045113,0.6923076923076923,0.6870229007633588,0.7115384615384616,0.6980122960235455,0.008660565957224536,65,0.7253384912959381,0.7405566600397614,0.7445759368836292,0.7443682664054848,0.7414634146341463,0.739260553851792,0.00713720305150878
0.27900047302246095,0.11573451353582413,0.06534218788146973,0.020846037925023615,0.01,balanced,l2,liblinear,10000,5,"(1, 1)","{'clf__C': 0.01, 'clf__class_weight': 'balanced', 'clf__penalty': 'l2', 'clf__solver': 'liblinear', 'tfidf__max_features': 10000, 'tfidf__min_df': 5, 'tfidf__ngram_range': (1, 1)}",0.6727272727272727,0.6801470588235294,0.6985294117647058,0.6666666666666666,0.7007575757575758,0.6837655971479502,0.013667548487809338,86,0.6970260223048327,0.7048249763481551,0.6933962264150944,0.700187969924812,0.6896551724137931,0.6970180734813375,0.005259774278802698
1.0442747592926025,0.32081357650547343,0.12165675163269044,0.048749192491945016,0.01,balanced,l2,liblinear,10000,5,"(1, 2)","{'clf__C': 0.01, 'clf__class_weight': 'balanced', 'clf__penalty': 'l2', 'clf__solver': 'liblinear', 'tfidf__max_features': 10000, 'tfidf__min_df': 5, 'tfidf__ngram_range': (1, 2)}",0.6877323420074349,0.7007575757575758,0.6896551724137931,0.6756756756756757,0.7061068702290076,0.6919855272166975,0.010638538990826958,72,0.7197696737044146,0.7354392892398816,0.7373046875,0.7414634146341463,0.7287644787644788,0.7325483087685842,0.007590400554904347
0.28409996032714846,0.06599387719728769,0.09216480255126953,0.036169066031896936,0.01,balanced,l2,liblinear,20000,2,"(1, 1)","{'clf__C': 0.01, 'clf__class_weight': 'balanced', 'clf__penalty': 'l2', 'clf__solver': 'liblinear', 'tfidf__max_features': 20000, 'tfidf__min_df': 2, 'tfidf__ngram_range': (1, 1)}",0.6776556776556777,0.6902985074626866,0.7063197026022305,0.6617647058823529,0.7061068702290076,0.688429092766391,0.017106305554807383,78,0.702247191011236,0.7081749049429658,0.7048249763481551,0.7034938621340887,0.698874296435272,0.7035230461743435,0.003052027012417811
1.1014593601226808,0.3071215335238227,0.12641725540161133,0.025154475409390933,0.01,balanced,l2,liblinear,20000,2,"(1, 2)","{'clf__C': 0.01, 'clf__class_weight': 'balanced', 'clf__penalty': 'l2', 'clf__solver': 'liblinear', 'tfidf__max_features': 20000, 'tfidf__min_df': 2, 'tfidf__ngram_range': (1, 2)}",0.6985294117647058,0.6981132075471698,0.6976744186046512,0.6730769230769231,0.7088122605363985,0.6952412443059697,0.011835625647461016,71,0.745829244357213,0.751765893037336,0.752741774675972,0.7562189054726368,0.7536945812807881,0.7520500797647893,0.0034450396262715108
0.35497679710388186,0.13730409020490347,0.07659778594970704,0.02546261238246363,0.01,balanced,l2,liblinear,20000,3,"(1, 1)","{'clf__C': 0.01, 'clf__class_weight': 'balanced', 'clf__penalty': 'l2', 'clf__solver': 'liblinear', 'tfidf__max_features': 20000, 'tfidf__min_df': 3, 'tfidf__ngram_range': (1, 1)}",0.6751824817518248,0.6851851851851852,0.7037037037037037,0.6666666666666666,0.7088122605363985,0.6879100595687557,0.016168111329638357,81,0.7009345794392523,0.706831119544592,0.696798493408663,0.7008466603951082,0.6962616822429907,0.7003345070061212,0.0037926153563589723
1.0455638408660888,0.27329163919010374,0.12824859619140624,0.04607938494971971,0.01,balanced,l2,liblinear,20000,3,"(1, 2)","{'clf__C': 0.01, 'clf__class_weight': 'balanced', 'clf__penalty': 'l2', 'clf__solver': 'liblinear', 'tfidf__max_features': 20000, 'tfidf__min_df': 3, 'tfidf__ngram_range': (1, 2)}",0.7011070110701108,0.7007575757575758,0.6976744186046512,0.6730769230769231,0.7142857142857143,0.697380328558995,0.013430026319624975,70,0.7309941520467836,0.7435129740518962,0.7475247524752475,0.7480314960629921,0.7436399217221135,0.7427406592718067,0.006168728828401608
0.32606353759765627,0.09522177694478749,0.08392972946166992,0.020159178314097505,0.01,balanced,l2,liblinear,20000,5,"(1, 1)","{'clf__C': 0.01, 'clf__class_weight': 'balanced', 'clf__penalty': 'l2', 'clf__solver': 'liblinear', 'tfidf__max_features': 20000, 'tfidf__min_df': 5, 'tfidf__ngram_range': (1, 1)}",0.6727272727272727,0.6801470588235294,0.6985294117647058,0.6666666666666666,0.7007575757575758,0.6837655971479502,0.013667548487809338,86,0.6970260223048327,0.7048249763481551,0.6933962264150944,0.700187969924812,0.6896551724137931,0.6970180734813375,0.005259774278802698
0.9472489833831788,0.07534600341986583,0.1010291576385498,0.02008976484875555,0.01,balanced,l2,liblinear,20000,5,"(1, 2)","{'clf__C': 0.01, 'clf__class_weight': 'balanced', 'clf__penalty': 'l2', 'clf__solver': 'liblinear', 'tfidf__max_features': 20000, 'tfidf__min_df': 5, 'tfidf__ngram_range': (1, 2)}",0.6877323420074349,0.7007575757575758,0.6896551724137931,0.6756756756756757,0.7061068702290076,0.6919855272166975,0.010638538990826958,72,0.7197696737044146,0.7354392892398816,0.7373046875,0.7414634146341463,0.7287644787644788,0.7325483087685842,0.007590400554904347
0.27440519332885743,0.06895475458167984,0.08141255378723145,0.03431125310607403,0.1,balanced,l1,liblinear,5000,2,"(1, 1)","{'clf__C': 0.1, 'clf__class_weight': 'balanced', 'clf__penalty': 'l1', 'clf__solver': 'liblinear', 'tfidf__max_features': 5000, 'tfidf__min_df': 2, 'tfidf__ngram_range': (1, 1)}",0.6463878326996197,0.6496062992125984,0.6547619047619048,0.5761316872427984,0.6226415094339622,0.6299058466701768,0.02905862397056294,135,0.616370808678501,0.6219392752203722,0.6256109481915934,0.6390243902439025,0.625,0.6255890844668739,0.007471983082156684
1.2170725345611573,0.29459700991810955,0.13819637298583984,0.05887938554267234,0.1,balanced,l1,liblinear,5000,2,"(1, 2)","{'clf__C': 0.1, 'clf__class_weight': 'balanced', 'clf__penalty': 'l1', 'clf__solver': 'liblinear', 'tfidf__max_features': 5000, 'tfidf__min_df': 2, 'tfidf__ngram_range': (1, 2)}",0.6227106227106227,0.6130268199233716,0.64453125,0.5691056910569106,0.6111111111111112,0.6120970989604031,0.024554912936877935,151,0.607976653696498,0.616504854368932,0.626204238921002,0.6267942583732058,0.6086956521739131,0.6172351315067102,0.00813630404537937
0.24878282546997071,0.07618956406424371,0.07653961181640626,0.03554165336250026,0.1,balanced,l1,liblinear,5000,3,"(1, 1)","{'clf__C': 0.1, 'clf__class_weight': 'balanced', 'clf__penalty': 'l1', 'clf__solver': 'liblinear', 'tfidf__max_features': 5000, 'tfidf__min_df': 3, 'tfidf__ngram_range': (1, 1)}",0.6463878326996197,0.6496062992125984,0.6573705179282868,0.5578512396694215,0.6203007518796992,0.6263033282779251,0.036423358997494465,136,0.6175889328063241,0.6262230919765166,0.6201171875,0.6402737047898338,0.624380574826561,0.6257166983798471,0.007891301433305659
1.059385347366333,0.2637569565755562,0.11840295791625977,0.03713455463501298,0.1,balanced,l1,liblinear,5000,3,"(1, 2)","{'clf__C': 0.1, 'clf__class_weight': 'balanced', 'clf__penalty': 'l1', 'clf__solver': 'liblinear', 'tfidf__max_features': 5000, 'tfidf__min_df': 3, 'tfidf__ngram_range': (1, 2)}",0.6204379562043796,0.6130268199233716,0.64453125,0.5691056910569106,0.6111111111111112,0.6116425656591546,0.02437461284716734,152,0.607976653696498,0.616504854368932,0.626204238921002,0.6267942583732058,0.6086956521739131,0.6172351315067102,0.00813630404537937
0.317409086227417,0.08430941145641369,0.07806215286254883,0.02441572269069943,0.1,balanced,l1,liblinear,5000,5,"(1, 1)","{'clf__C': 0.1, 'clf__class_weight': 'balanced', 'clf__penalty': 'l1', 'clf__solver': 'liblinear', 'tfidf__max_features': 5000, 'tfidf__min_df': 5, 'tfidf__ngram_range': (1, 1)}",0.6439393939393939,0.6470588235294118,0.6573705179282868,0.5578512396694215,0.6179775280898876,0.6248395006312804,0.03592014781334791,141,0.6157635467980296,0.6225490196078431,0.6195121951219512,0.6457925636007827,0.6225296442687747,0.6252293938794763,0.010579278101894764
0.8617569923400878,0.04916854672770025,0.09604592323303222,0.00836208125306503,0.1,balanced,l1,liblinear,5000,5,"(1, 2)","{'clf__C': 0.1, 'clf__class_weight': 'balanced', 'clf__penalty': 'l1', 'clf__solver': 'liblinear', 'tfidf__max_features': 5000, 'tfidf__min_df': 5, 'tfidf__ngram_range': (1, 2)}",0.6204379562043796,0.6130268199233716,0.64453125,0.5691056910569106,0.6111111111111112,0.6116425656591546,0.02437461284716734,152,0.6067961165048543,0.616504854368932,0.625,0.625,0.6075216972034716,0.6161645336154515,0.007983891420636909
0.30666699409484866,0.09814269715112173,0.07685070037841797,0.03601553451343347,0.1,balanced,l1,liblinear,10000,2,"(1, 1)","{'clf__C': 0.1, 'clf__class_weight': 'balanced', 'clf__penalty': 'l1', 'clf__solver': 'liblinear', 'tfidf__max_features': 10000, 'tfidf__min_df': 2, 'tfidf__ngram_range': (1, 1)}",0.6463878326996197,0.6470588235294118,0.6547619047619048,0.5578512396694215,0.6226415094339622,0.625740262018864,0.03561342614954658,139,0.6181998021760633,0.6225490196078431,0.6256109481915934,0.6384015594541911,0.624380574826561,0.6258283808512504,0.006770194416652139
0.8378918647766114,0.048802413679693436,0.09721736907958985,0.0064105982537143134,0.1,balanced,l1,liblinear,10000,2,"(1, 2)","{'clf__C': 0.1, 'clf__class_weight': 'balanced', 'clf__penalty': 'l1', 'clf__solver': 'liblinear', 'tfidf__max_features': 10000, 'tfidf__min_df': 2, 'tfidf__ngram_range': (1, 2)}",0.6137184115523465,0.6156716417910447,0.6346153846153846,0.5823293172690763,0.6,0.6092669510455704,0.017406269811704903,154,0.6038647342995169,0.6123432979749277,0.6255969436485196,0.6244041944709247,0.6040268456375839,0.6140472032062945,0.009462106575368744
0.32585554122924804,0.08545109251540484,0.0824094295501709,0.02320302062240308,0.1,balanced,l1,liblinear,10000,3,"(1, 1)","{'clf__C': 0.1, 'clf__class_weight': 'balanced', 'clf__penalty': 'l1', 'clf__solver': 'liblinear', 'tfidf__max_features': 10000, 'tfidf__min_df': 3, 'tfidf__ngram_range': (1, 1)}",0.6463878326996197,0.6496062992125984,0.6573705179282868,0.5578512396694215,0.6203007518796992,0.6263033282779251,0.036423358997494465,136,0.6175889328063241,0.6262230919765166,0.6201171875,0.6402737047898338,0.624380574826561,0.6257166983798471,0.007891301433305659
0.8502925395965576,0.048127064471287985,0.1164947509765625,0.021581569518295304,0.1,balanced,l1,liblinear,10000,3,"(1, 2)","{'clf__C': 0.1, 'clf__class_weight': 'balanced', 'clf__penalty': 'l1', 'clf__solver': 'liblinear', 'tfidf__max_features': 10000, 'tfidf__min_df': 3, 'tfidf__ngram_range': (1, 2)}",0.6137184115523465,0.6156716417910447,0.6346153846153846,0.5622489959839357,0.6,0.6052508867885423,0.02416319212317709,159,0.6038647342995169,0.6111645813282002,0.6226053639846744,0.625,0.6017191977077364,0.6128707754640257,0.009489550714875217
0.24809746742248534,0.11489955137085589,0.06138615608215332,0.023561563950145702,0.1,balanced,l1,liblinear,10000,5,"(1, 1)","{'clf__C': 0.1, 'clf__class_weight': 'balanced', 'clf__penalty': 'l1', 'clf__solver': 'liblinear', 'tfidf__max_features': 10000, 'tfidf__min_df': 5, 'tfidf__ngram_range': (1, 1)}",0.6439393939393939,0.6470588235294118,0.6573705179282868,0.5578512396694215,0.6179775280898876,0.6248395006312804,0.03592014781334791,141,0.6157635467980296,0.6225490196078431,0.6195121951219512,0.6457925636007827,0.6225296442687747,0.6252293938794763,0.010579278101894764
1.2954902172088623,0.32737483817854457,0.15530238151550294,0.056972202425704076,0.1,balanced,l1,liblinear,10000,5,"(1, 2)","{'clf__C': 0.1, 'clf__class_weight': 'balanced', 'clf__penalty': 'l1', 'clf__solver': 'liblinear', 'tfidf__max_features': 10000, 'tfidf__min_df': 5, 'tfidf__ngram_range': (1, 2)}",0.6159420289855072,0.6130268199233716,0.6395348837209303,0.5691056910569106,0.6066176470588235,0.6088454141491086,0.022776734518530684,155,0.6062075654704171,0.6123432979749277,0.6243996157540826,0.6244041944709247,0.6046065259117083,0.614392239916412,0.008571278348138872
0.30406494140625,0.09001404841114052,0.07711520195007324,0.025647712309420076,0.1,balanced,l1,liblinear,20000,2,"(1, 1)","{'clf__C': 0.1, 'clf__class_weight': 'balanced', 'clf__penalty': 'l1', 'clf__solver': 'liblinear', 'tfidf__max_features': 20000, 'tfidf__min_df': 2, 'tfidf__ngram_range': (1, 1)}",0.6463878326996197,0.6470588235294118,0.6547619047619048,0.5578512396694215,0.6226415094339622,0.625740262018864,0.03561342614954658,139,0.6181998021760633,0.6225490196078431,0.6256109481915934,0.6384015594541911,0.624380574826561,0.6258283808512504,0.006770194416652139
0.9828751564025879,0.2470798388263456,0.10226550102233886,0.009862609782987664,0.1,balanced,l1,liblinear,20000,2,"(1, 2)","{'clf__C': 0.1, 'clf__class_weight': 'balanced', 'clf__penalty': 'l1', 'clf__solver': 'liblinear', 'tfidf__max_features': 20000, 'tfidf__min_df': 2, 'tfidf__ngram_range': (1, 2)}",0.6140350877192983,0.6021897810218978,0.6386861313868614,0.5984555984555985,0.5809859154929577,0.6068705028153227,0.019111761462451686,157,0.6001890359168242,0.6096408317580341,0.6096451319381255,0.6132958801498127,0.6046511627906976,0.6074844085106988,0.0045681907174956364
0.23347983360290528,0.07626852547329976,0.057297563552856444,0.009198541053089518,0.1,balanced,l1,liblinear,20000,3,"(1, 1)","{'clf__C': 0.1, 'clf__class_weight': 'balanced', 'clf__penalty': 'l1', 'clf__solver': 'liblinear', 'tfidf__max_features': 20000, 'tfidf__min_df': 3, 'tfidf__ngram_range': (1, 1)}",0.6463878326996197,0.6496062992125984,0.6573705179282868,0.5578512396694215,0.6203007518796992,0.6263033282779251,0.036423358997494465,136,0.6175889328063241,0.6262230919765166,0.6201171875,0.6402737047898338,0.624380574826561,0.6257166983798471,0.007891301433305659
0.8553832054138184,0.023671909688520818,0.09374723434448243,0.009931048913901723,0.1,balanced,l1,liblinear,20000,3,"(1, 2)","{'clf__C': 0.1, 'clf__class_weight': 'balanced', 'clf__penalty': 'l1', 'clf__solver': 'liblinear', 'tfidf__max_features': 20000, 'tfidf__min_df': 3, 'tfidf__ngram_range': (1, 2)}",0.6093189964157706,0.6156716417910447,0.6273764258555133,0.56,0.5956678700361011,0.601606986819686,0.023185202436369918,162,0.5992329817833174,0.6088207094918504,0.6214421252371917,0.6214421252371917,0.6018957345971564,0.6105667352693416,0.009415275255246585
0.2481828212738037,0.09060838499421874,0.06860241889953614,0.024962176645784564,0.1,balanced,l1,liblinear,20000,5,"(1, 1)","{'clf__C': 0.1, 'clf__class_weight': 'balanced', 'clf__penalty': 'l1', 'clf__solver': 'liblinear', 'tfidf__max_features': 20000, 'tfidf__min_df': 5, 'tfidf__ngram_range': (1, 1)}",0.6439393939393939,0.6470588235294118,0.6573705179282868,0.5578512396694215,0.6179775280898876,0.6248395006312804,0.03592014781334791,141,0.6157635467980296,0.6225490196078431,0.6195121951219512,0.6457925636007827,0.6225296442687747,0.6252293938794763,0.010579278101894764
1.0993338108062745,0.31675213956316456,0.12743744850158692,0.0410115124812324,0.1,balanced,l1,liblinear,20000,5,"(1, 2)","{'clf__C': 0.1, 'clf__class_weight': 'balanced', 'clf__penalty': 'l1', 'clf__solver': 'liblinear', 'tfidf__max_features': 20000, 'tfidf__min_df': 5, 'tfidf__ngram_range': (1, 2)}",0.6159420289855072,0.6130268199233716,0.6395348837209303,0.5691056910569106,0.6066176470588235,0.6088454141491086,0.022776734518530684,155,0.6062075654704171,0.6123432979749277,0.6243996157540826,0.6244041944709247,0.6046065259117083,0.614392239916412,0.008571278348138872
0.23603620529174804,0.09576839857602681,0.058696842193603514,0.011933473934276767,0.1,balanced,l2,liblinear,5000,2,"(1, 1)","{'clf__C': 0.1, 'clf__class_weight': 'balanced', 'clf__penalty': 'l2', 'clf__solver': 'liblinear', 'tfidf__max_features': 5000, 'tfidf__min_df': 2, 'tfidf__ngram_range': (1, 1)}",0.7261410788381742,0.7028112449799196,0.7692307692307693,0.6991525423728814,0.7021276595744681,0.7198926589992425,0.02649835549176083,28,0.783068783068783,0.7948442534908701,0.7769556025369979,0.7875264270613108,0.7880724174653887,0.7860934967246701,0.005919377729358195
1.0227785110473633,0.27702584980824696,0.11267123222351075,0.030208513384304567,0.1,balanced,l2,liblinear,5000,2,"(1, 2)","{'clf__C': 0.1, 'clf__class_weight': 'balanced', 'clf__penalty': 'l2', 'clf__solver': 'liblinear', 'tfidf__max_features': 5000, 'tfidf__min_df': 2, 'tfidf__ngram_range': (1, 2)}",0.7261410788381742,0.6995884773662552,0.7510729613733905,0.6808510638297872,0.7456140350877193,0.7206535232990653,0.026856859709426088,27,0.7905982905982906,0.806979280261723,0.8002148227712137,0.8071505958829902,0.7984994640943194,0.8006884907217074,0.00613451177495957
0.2599228858947754,0.0836308988567236,0.07435407638549804,0.02960115481870642,0.1,balanced,l2,liblinear,5000,3,"(1, 1)","{'clf__C': 0.1, 'clf__class_weight': 'balanced', 'clf__penalty': 'l2', 'clf__solver': 'liblinear', 'tfidf__max_features': 5000, 'tfidf__min_df': 3, 'tfidf__ngram_range': (1, 1)}",0.7231404958677686,0.7056451612903226,0.7692307692307693,0.6962025316455697,0.7021276595744681,0.7192693235217797,0.026543034338660964,32,0.7781282860147214,0.7939914163090128,0.7712486883525709,0.7891949152542372,0.7863974495217854,0.7837921510904655,0.008116899365854276
0.8232762813568115,0.02929857823082435,0.09930610656738281,0.01916030678297827,0.1,balanced,l2,liblinear,5000,3,"(1, 2)","{'clf__C': 0.1, 'clf__class_weight': 'balanced', 'clf__penalty': 'l2', 'clf__solver': 'liblinear', 'tfidf__max_features': 5000, 'tfidf__min_df': 3, 'tfidf__ngram_range': (1, 2)}",0.7291666666666666,0.7024793388429752,0.7510729613733905,0.6623931623931624,0.748898678414097,0.7188021615380583,0.03317540517282855,35,0.7897545357524013,0.8078602620087336,0.8019375672766416,0.8080260303687635,0.7984994640943194,0.8012155719001719,0.006779205258854323
0.33353476524353026,0.09457811839946016,0.08700823783874512,0.03302983445796725,0.1,balanced,l2,liblinear,5000,5,"(1, 1)","{'clf__C': 0.1, 'clf__class_weight': 'balanced', 'clf__penalty': 'l2', 'clf__solver': 'liblinear', 'tfidf__max_features': 5000, 'tfidf__min_df': 5, 'tfidf__ngram_range': (1, 1)}",0.743801652892562,0.7028112449799196,0.7510729613733905,0.6991525423728814,0.7021276595744681,0.7197932122386443,0.022721461854290696,29,0.7716371220020855,0.7905982905982906,0.7720588235294118,0.7883597883597884,0.781414994720169,0.780813803841949,0.007923391493086093
0.9362992763519287,0.30984796833926104,0.10781307220458984,0.0559219192537115,0.1,balanced,l2,liblinear,5000,5,"(1, 2)","{'clf__C': 0.1, 'clf__class_weight': 'balanced', 'clf__penalty': 'l2', 'clf__solver': 'liblinear', 'tfidf__max_features': 5000, 'tfidf__min_df': 5, 'tfidf__ngram_range': (1, 2)}",0.7291666666666666,0.6967213114754098,0.7543103448275862,0.6681034482758621,0.74235807860262,0.718131969969629,0.03155570616568658,36,0.7905982905982906,0.806979280261723,0.8045356371490281,0.8071505958829902,0.7984994640943194,0.8015526535972702,0.006308778970831109
0.24207096099853515,0.0949852953225084,0.05620641708374023,0.008760813234406216,0.1,balanced,l2,liblinear,10000,2,"(1, 1)","{'clf__C': 0.1, 'clf__class_weight': 'balanced', 'clf__penalty': 'l2', 'clf__solver': 'liblinear', 'tfidf__max_features': 10000, 'tfidf__min_df': 2, 'tfidf__ngram_range': (1, 1)}",0.7083333333333334,0.7028112449799196,0.7692307692307693,0.6962025316455697,0.6808510638297872,0.7114857886038759,0.030304233282347735,48,0.7838983050847458,0.7948442534908701,0.7769556025369979,0.7900318133616119,0.7872340425531915,0.7865928034054834,0.00600766789053002
0.9715592384338378,0.28620887819153495,0.11592330932617187,0.05130738145461459,0.1,balanced,l2,liblinear,10000,2,"(1, 2)","{'clf__C': 0.1, 'clf__class_weight': 'balanced', 'clf__penalty': 'l2', 'clf__solver': 'liblinear', 'tfidf__max_features': 10000, 'tfidf__min_df': 2, 'tfidf__ngram_range': (1, 2)}",0.7322175732217573,0.7024793388429752,0.7510729613733905,0.6866952789699571,0.7608695652173914,0.7266669435250943,0.028210128377708966,19,0.8108108108108109,0.8158765159867696,0.8133187772925764,0.8278508771929824,0.8152173913043478,0.8166148745174974,0.005887228570420016
0.2729630947113037,0.09385596093102025,0.07033610343933105,0.019963957569925264,0.1,balanced,l2,liblinear,10000,3,"(1, 1)","{'clf__C': 0.1, 'clf__class_weight': 'balanced', 'clf__penalty': 'l2', 'clf__solver': 'liblinear', 'tfidf__max_features': 10000, 'tfidf__min_df': 3, 'tfidf__ngram_range': (1, 1)}",0.7231404958677686,0.7056451612903226,0.7692307692307693,0.6962025316455697,0.7021276595744681,0.7192693235217797,0.026543034338660964,32,0.7781282860147214,0.7939914163090128,0.7712486883525709,0.7891949152542372,0.7863974495217854,0.7837921510904655,0.008116899365854276
1.0063796043395996,0.3185300667616065,0.12608351707458496,0.052118741143675755,0.1,balanced,l2,liblinear,10000,3,"(1, 2)","{'clf__C': 0.1, 'clf__class_weight': 'balanced', 'clf__penalty': 'l2', 'clf__solver': 'liblinear', 'tfidf__max_features': 10000, 'tfidf__min_df': 3, 'tfidf__ngram_range': (1, 2)}",0.7352941176470589,0.7053941908713693,0.7510729613733905,0.6866952789699571,0.7268722466960352,0.7210657591115622,0.02264297519557467,26,0.8064516129032258,0.8131868131868132,0.8142076502732241,0.8241758241758241,0.8143322475570033,0.8144708296192181,0.005660952616594051
0.2746438503265381,0.11428232008059831,0.08498659133911132,0.04110261156712881,0.1,balanced,l2,liblinear,10000,5,"(1, 1)","{'clf__C': 0.1, 'clf__class_weight': 'balanced', 'clf__penalty': 'l2', 'clf__solver': 'liblinear', 'tfidf__max_features': 10000, 'tfidf__min_df': 5, 'tfidf__ngram_range': (1, 1)}",0.743801652892562,0.7028112449799196,0.7510729613733905,0.6991525423728814,0.7021276595744681,0.7197932122386443,0.022721461854290696,29,0.7716371220020855,0.7905982905982906,0.7720588235294118,0.7883597883597884,0.781414994720169,0.780813803841949,0.007923391493086093
0.9079008579254151,0.02941753520508537,0.08809270858764648,0.007086980394749692,0.1,balanced,l2,liblinear,10000,5,"(1, 2)","{'clf__C': 0.1, 'clf__class_weight': 'balanced', 'clf__penalty': 'l2', 'clf__solver': 'liblinear', 'tfidf__max_features': 10000, 'tfidf__min_df': 5, 'tfidf__ngram_range': (1, 2)}",0.7352941176470589,0.7053941908713693,0.7543103448275862,0.6681034482758621,0.7456140350877193,0.7217432273419192,0.03149151035944418,24,0.797644539614561,0.8114035087719298,0.8062770562770563,0.8106637649619152,0.8010752688172043,0.8054128276885333,0.005354777487583227
0.30631217956542967,0.09288452644067212,0.08174738883972169,0.024691391682317976,0.1,balanced,l2,liblinear,20000,2,"(1, 1)","{'clf__C': 0.1, 'clf__class_weight': 'balanced', 'clf__penalty': 'l2', 'clf__solver': 'liblinear', 'tfidf__max_features': 20000, 'tfidf__min_df': 2, 'tfidf__ngram_range': (1, 1)}",0.7083333333333334,0.7028112449799196,0.7692307692307693,0.6962025316455697,0.6808510638297872,0.7114857886038759,0.030304233282347735,48,0.7838983050847458,0.7948442534908701,0.7769556025369979,0.7900318133616119,0.7872340425531915,0.7865928034054834,0.00600766789053002
0.9982596397399902,0.24537118085947943,0.11706709861755371,0.05937014971583043,0.1,balanced,l2,liblinear,20000,2,"(1, 2)","{'clf__C': 0.1, 'clf__class_weight': 'balanced', 'clf__penalty': 'l2', 'clf__solver': 'liblinear', 'tfidf__max_features': 20000, 'tfidf__min_df': 2, 'tfidf__ngram_range': (1, 2)}",0.7322175732217573,0.6995884773662552,0.7543103448275862,0.6768558951965066,0.748898678414097,0.7223741938052404,0.029703408983134432,23,0.823271130625686,0.830546265328874,0.8361018826135105,0.8351769911504425,0.8314977973568282,0.8313188134150682,0.004542187809200186
0.27037744522094725,0.09980501422530814,0.07115321159362793,0.022073688582303776,0.1,balanced,l2,liblinear,20000,3,"(1, 1)","{'clf__C': 0.1, 'clf__class_weight': 'balanced', 'clf__penalty': 'l2', 'clf__solver': 'liblinear', 'tfidf__max_features': 20000, 'tfidf__min_df': 3, 'tfidf__ngram_range': (1, 1)}",0.7231404958677686,0.7056451612903226,0.7692307692307693,0.6962025316455697,0.7021276595744681,0.7192693235217797,0.026543034338660964,32,0.7781282860147214,0.7939914163090128,0.7712486883525709,0.7891949152542372,0.7863974495217854,0.7837921510904655,0.008116899365854276
0.9941461086273193,0.3689927070543216,0.11203680038452149,0.02834191180035162,0.1,balanced,l2,liblinear,20000,3,"(1, 2)","{'clf__C': 0.1, 'clf__class_weight': 'balanced', 'clf__penalty': 'l2', 'clf__solver': 'liblinear', 'tfidf__max_features': 20000, 'tfidf__min_df': 3, 'tfidf__ngram_range': (1, 2)}",0.7322175732217573,0.7053941908713693,0.7543103448275862,0.6926406926406926,0.7300884955752213,0.7229302594273254,0.021666452679264443,22,0.8116883116883117,0.8185840707964602,0.8168859649122807,0.8241758241758241,0.8152173913043478,0.817310312575445,0.004121286059028573
0.2821053028106689,0.09607781459585048,0.07996258735656739,0.03209428863850882,0.1,balanced,l2,liblinear,20000,5,"(1, 1)","{'clf__C': 0.1, 'clf__class_weight': 'balanced', 'clf__penalty': 'l2', 'clf__solver': 'liblinear', 'tfidf__max_features': 20000, 'tfidf__min_df': 5, 'tfidf__ngram_range': (1, 1)}",0.743801652892562,0.7028112449799196,0.7510729613733905,0.6991525423728814,0.7021276595744681,0.7197932122386443,0.022721461854290696,29,0.7716371220020855,0.7905982905982906,0.7720588235294118,0.7883597883597884,0.781414994720169,0.780813803841949,0.007923391493086093
1.0132243633270264,0.2518016767594694,0.0889052391052246,0.005357455229019387,0.1,balanced,l2,liblinear,20000,5,"(1, 2)","{'clf__C': 0.1, 'clf__class_weight': 'balanced', 'clf__penalty': 'l2', 'clf__solver': 'liblinear', 'tfidf__max_features': 20000, 'tfidf__min_df': 5, 'tfidf__ngram_range': (1, 2)}",0.7352941176470589,0.7053941908713693,0.7543103448275862,0.6681034482758621,0.7456140350877193,0.7217432273419192,0.03149151035944418,24,0.797644539614561,0.8114035087719298,0.8062770562770563,0.8106637649619152,0.8010752688172043,0.8054128276885333,0.005354777487583227
0.2697244644165039,0.1163813426715243,0.06671819686889649,0.0036663535001301424,1.0,balanced,l1,liblinear,5000,2,"(1, 1)","{'clf__C': 1, 'clf__class_weight': 'balanced', 'clf__penalty': 'l1', 'clf__solver': 'liblinear', 'tfidf__max_features': 5000, 'tfidf__min_df': 2, 'tfidf__ngram_range': (1, 1)}",0.7725321888412017,0.6458333333333334,0.7709251101321586,0.6444444444444445,0.7333333333333333,0.7134136820168944,0.05748602261607268,43,0.8054054054054054,0.8120133481646273,0.8150984682713348,0.8205689277899344,0.8241758241758241,0.8154523947614253,0.006560052310083144
1.0178013801574708,0.3013491332446209,0.1029958724975586,0.027950587759689775,1.0,balanced,l1,liblinear,5000,2,"(1, 2)","{'clf__C': 1, 'clf__class_weight': 'balanced', 'clf__penalty': 'l1', 'clf__solver': 'liblinear', 'tfidf__max_features': 5000, 'tfidf__min_df': 2, 'tfidf__ngram_range': (1, 2)}",0.7489878542510121,0.6326530612244898,0.7048458149779736,0.611353711790393,0.7142857142857143,0.6824252313059167,0.05191682872073866,93,0.7753164556962026,0.7871878393051032,0.7857911733046287,0.79004329004329,0.7974137931034483,0.7871505102905345,0.007149785835030485
0.26924824714660645,0.09315513324517305,0.0747591495513916,0.031211384345917484,1.0,balanced,l1,liblinear,5000,3,"(1, 1)","{'clf__C': 1, 'clf__class_weight': 'balanced', 'clf__penalty': 'l1', 'clf__solver': 'liblinear', 'tfidf__max_features': 5000, 'tfidf__min_df': 3, 'tfidf__ngram_range': (1, 1)}",0.7725321888412017,0.6485355648535565,0.7522123893805309,0.625,0.7142857142857143,0.7025131714722007,0.05732912276718014,55,0.8036677454153183,0.8129175946547884,0.8205689277899344,0.8187772925764192,0.8269441401971522,0.8165751401267226,0.007852317554535755
1.0080523014068603,0.2795714149547735,0.11398258209228515,0.039291519072961946,1.0,balanced,l1,liblinear,5000,3,"(1, 2)","{'clf__C': 1, 'clf__class_weight': 'balanced', 'clf__penalty': 'l1', 'clf__solver': 'liblinear', 'tfidf__max_features': 5000, 'tfidf__min_df': 3, 'tfidf__ngram_range': (1, 2)}",0.7459677419354839,0.6352459016393442,0.7048458149779736,0.6140350877192983,0.7142857142857143,0.6828760521115629,0.04991494424639124,92,0.7781282860147214,0.7863340563991323,0.7894736842105263,0.7928802588996764,0.7886266094420601,0.7870885789932233,0.004948817541666939
0.26004953384399415,0.09521317009207589,0.06519594192504882,0.027097214902473455,1.0,balanced,l1,liblinear,5000,5,"(1, 1)","{'clf__C': 1, 'clf__class_weight': 'balanced', 'clf__penalty': 'l1', 'clf__solver': 'liblinear', 'tfidf__max_features': 5000, 'tfidf__min_df': 5, 'tfidf__ngram_range': (1, 1)}",0.7692307692307693,0.6512605042016807,0.7777777777777778,0.6306306306306306,0.7333333333333333,0.7124466030348383,0.060607675186049946,44,0.7991360691144709,0.8130530973451328,0.8133187772925764,0.8233369683751364,0.8223684210526315,0.8142426666359895,0.008708755872752449
1.011387586593628,0.3005245105327471,0.1160438060760498,0.03662553337903432,1.0,balanced,l1,liblinear,5000,5,"(1, 2)","{'clf__C': 1, 'clf__class_weight': 'balanced', 'clf__penalty': 'l1', 'clf__solver': 'liblinear', 'tfidf__max_features': 5000, 'tfidf__min_df': 5, 'tfidf__ngram_range': (1, 2)}",0.7459677419354839,0.6172839506172839,0.7048458149779736,0.6140350877192983,0.7142857142857143,0.6792836619071508,0.05371531346483524,98,0.7740585774058577,0.7945945945945946,0.7939914163090128,0.7911733046286329,0.7886266094420601,0.7884889004760316,0.007523515062589883
0.27378268241882325,0.07511991462693325,0.07457542419433594,0.029115511785677003,1.0,balanced,l1,liblinear,10000,2,"(1, 1)","{'clf__C': 1, 'clf__class_weight': 'balanced', 'clf__penalty': 'l1', 'clf__solver': 'liblinear', 'tfidf__max_features': 10000, 'tfidf__min_df': 2, 'tfidf__ngram_range': (1, 1)}",0.7725321888412017,0.6458333333333334,0.7743362831858407,0.6444444444444445,0.7300884955752213,0.7134469490760083,0.05798010747758534,41,0.8017334777898159,0.8111111111111111,0.8068057080131723,0.8187772925764192,0.8241758241758241,0.8125206827332685,0.008074640641870906
0.9900140762329102,0.2880445511965914,0.1100010871887207,0.0541216946473376,1.0,balanced,l1,liblinear,10000,2,"(1, 2)","{'clf__C': 1, 'clf__class_weight': 'balanced', 'clf__penalty': 'l1', 'clf__solver': 'liblinear', 'tfidf__max_features': 10000, 'tfidf__min_df': 2, 'tfidf__ngram_range': (1, 2)}",0.7429718875502008,0.6024096385542169,0.7327586206896551,0.625,0.7021276595744681,0.6810535612737082,0.057058352989643096,97,0.7468879668049793,0.7741935483870968,0.7659574468085106,0.777422790202343,0.7729211087420043,0.7674765721889868,0.01095341420628582
0.2567471504211426,0.09334693921389381,0.06282505989074708,0.022136887150911343,1.0,balanced,l1,liblinear,10000,3,"(1, 1)","{'clf__C': 1, 'clf__class_weight': 'balanced', 'clf__penalty': 'l1', 'clf__solver': 'liblinear', 'tfidf__max_features': 10000, 'tfidf__min_df': 3, 'tfidf__ngram_range': (1, 1)}",0.7725321888412017,0.6485355648535565,0.7522123893805309,0.625,0.7142857142857143,0.7025131714722007,0.05732912276718014,55,0.8036677454153183,0.8129175946547884,0.8205689277899344,0.8187772925764192,0.8269441401971522,0.8165751401267226,0.007852317554535755
0.8225751399993897,0.027184479240114762,0.09717082977294922,0.009744923549202285,1.0,balanced,l1,liblinear,10000,3,"(1, 2)","{'clf__C': 1, 'clf__class_weight': 'balanced', 'clf__penalty': 'l1', 'clf__solver': 'liblinear', 'tfidf__max_features': 10000, 'tfidf__min_df': 3, 'tfidf__ngram_range': (1, 2)}",0.7429718875502008,0.6048387096774194,0.7359307359307359,0.6223175965665236,0.7051282051282052,0.682237426970617,0.05775219713210462,94,0.7409326424870466,0.7688172043010753,0.77209797657082,0.7844183564567769,0.7712765957446809,0.7675085551120799,0.01434708329665132
0.2810070991516113,0.1210157127994554,0.0614832878112793,0.019972739507703452,1.0,balanced,l1,liblinear,10000,5,"(1, 1)","{'clf__C': 1, 'clf__class_weight': 'balanced', 'clf__penalty': 'l1', 'clf__solver': 'liblinear', 'tfidf__max_features': 10000, 'tfidf__min_df': 5, 'tfidf__ngram_range': (1, 1)}",0.7692307692307693,0.6512605042016807,0.7777777777777778,0.6306306306306306,0.7333333333333333,0.7124466030348383,0.060607675186049946,44,0.7991360691144709,0.8130530973451328,0.8133187772925764,0.8233369683751364,0.8223684210526315,0.8142426666359895,0.008708755872752449
0.9958223342895508,0.2609199384253812,0.12126374244689941,0.03637328998730884,1.0,balanced,l1,liblinear,10000,5,"(1, 2)","{'clf__C': 1, 'clf__class_weight': 'balanced', 'clf__penalty': 'l1', 'clf__solver': 'liblinear', 'tfidf__max_features': 10000, 'tfidf__min_df': 5, 'tfidf__ngram_range': (1, 2)}",0.7317073170731707,0.6172839506172839,0.7391304347826086,0.6140350877192983,0.7051282051282052,0.6814569990641133,0.05490999894456878,95,0.7588357588357588,0.7820927723840345,0.786096256684492,0.786096256684492,0.7795698924731183,0.7785381874123791,0.0101600590915015
0.2785948276519775,0.11621604144069393,0.07605218887329102,0.03131300487530688,1.0,balanced,l1,liblinear,20000,2,"(1, 1)","{'clf__C': 1, 'clf__class_weight': 'balanced', 'clf__penalty': 'l1', 'clf__solver': 'liblinear', 'tfidf__max_features': 20000, 'tfidf__min_df': 2, 'tfidf__ngram_range': (1, 1)}",0.7725321888412017,0.6458333333333334,0.7743362831858407,0.6444444444444445,0.7300884955752213,0.7134469490760083,0.05798010747758534,41,0.8017334777898159,0.8111111111111111,0.8068057080131723,0.8187772925764192,0.8241758241758241,0.8125206827332685,0.008074640641870906
1.0505910396575928,0.2611837469630312,0.10750584602355957,0.03870265995181989,1.0,balanced,l1,liblinear,20000,2,"(1, 2)","{'clf__C': 1, 'clf__class_weight': 'balanced', 'clf__penalty': 'l1', 'clf__solver': 'liblinear', 'tfidf__max_features': 20000, 'tfidf__min_df': 2, 'tfidf__ngram_range': (1, 2)}",0.7170542635658915,0.6175298804780877,0.7172131147540983,0.6485355648535565,0.6903765690376569,0.6781418785378582,0.03934659064882728,99,0.7357512953367875,0.7540106951871658,0.7582184517497349,0.7729211087420043,0.7631578947368421,0.7568118891505068,0.012273161454989186
0.31142654418945315,0.06970786305391319,0.06523661613464356,0.020525021557536615,1.0,balanced,l1,liblinear,20000,3,"(1, 1)","{'clf__C': 1, 'clf__class_weight': 'balanced', 'clf__penalty': 'l1', 'clf__solver': 'liblinear', 'tfidf__max_features': 20000, 'tfidf__min_df': 3, 'tfidf__ngram_range': (1, 1)}",0.7725321888412017,0.6485355648535565,0.7522123893805309,0.625,0.7142857142857143,0.7025131714722007,0.05732912276718014,55,0.8036677454153183,0.8129175946547884,0.8205689277899344,0.8187772925764192,0.8269441401971522,0.8165751401267226,0.007852317554535755
1.1579675197601318,0.35455925846730973,0.14831552505493165,0.048533126143575106,1.0,balanced,l1,liblinear,20000,3,"(1, 2)","{'clf__C': 1, 'clf__class_weight': 'balanced', 'clf__penalty': 'l1', 'clf__solver': 'liblinear', 'tfidf__max_features': 20000, 'tfidf__min_df': 3, 'tfidf__ngram_range': (1, 2)}",0.7370517928286853,0.6024096385542169,0.7296137339055794,0.6437768240343348,0.7051282051282052,0.6835960388902044,0.05218348692414779,89,0.7327141382868937,0.759698275862069,0.759493670886076,0.7819148936170213,0.7696390658174098,0.760692008893894,0.01622125412281895
0.23593535423278808,0.0857724897258288,0.0654639720916748,0.01915952365544499,1.0,balanced,l1,liblinear,20000,5,"(1, 1)","{'clf__C': 1, 'clf__class_weight': 'balanced', 'clf__penalty': 'l1', 'clf__solver': 'liblinear', 'tfidf__max_features': 20000, 'tfidf__min_df': 5, 'tfidf__ngram_range': (1, 1)}",0.7692307692307693,0.6512605042016807,0.7777777777777778,0.6306306306306306,0.7333333333333333,0.7124466030348383,0.060607675186049946,44,0.7991360691144709,0.8130530973451328,0.8133187772925764,0.8233369683751364,0.8223684210526315,0.8142426666359895,0.008708755872752449
1.0604783058166505,0.2857132173714975,0.11664910316467285,0.0360376141488693,1.0,balanced,l1,liblinear,20000,5,"(1, 2)","{'clf__C': 1, 'clf__class_weight': 'balanced', 'clf__penalty': 'l1', 'clf__solver': 'liblinear', 'tfidf__max_features': 20000, 'tfidf__min_df': 5, 'tfidf__ngram_range': (1, 2)}",0.7317073170731707,0.6172839506172839,0.7391304347826086,0.6140350877192983,0.7051282051282052,0.6814569990641133,0.05490999894456878,95,0.7588357588357588,0.7820927723840345,0.786096256684492,0.786096256684492,0.7795698924731183,0.7785381874123791,0.0101600590915015
0.31666030883789065,0.09730635313109771,0.06901025772094727,0.019165703912662747,1.0,balanced,l2,liblinear,5000,2,"(1, 1)","{'clf__C': 1, 'clf__class_weight': 'balanced', 'clf__penalty': 'l2', 'clf__solver': 'liblinear', 'tfidf__max_features': 5000, 'tfidf__min_df': 2, 'tfidf__ngram_range': (1, 1)}",0.7522123893805309,0.74235807860262,0.7623318385650224,0.677570093457944,0.704225352112676,0.7277395504237586,0.031872055302493894,18,0.8803222094361335,0.8823529411764706,0.8932714617169374,0.902696365767878,0.8840413318025259,0.8885368619799892,0.008352714129973533
0.9235861778259278,0.07419576600691902,0.11581521034240723,0.030459446274371426,1.0,balanced,l2,liblinear,5000,2,"(1, 2)","{'clf__C': 1, 'clf__class_weight': 'balanced', 'clf__penalty': 'l2', 'clf__solver': 'liblinear', 'tfidf__max_features': 5000, 'tfidf__min_df': 2, 'tfidf__ngram_range': (1, 2)}",0.7929515418502202,0.7333333333333333,0.7798165137614679,0.6944444444444444,0.7345971563981043,0.747028597957514,0.03547156159967371,5,0.8984830805134189,0.8916083916083916,0.8995327102803738,0.9085580304806565,0.9043173862310385,0.9004999198227758,0.005719591003537528
0.25713577270507815,0.07260842893996589,0.06299867630004882,0.01391972264521714,1.0,balanced,l2,liblinear,5000,3,"(1, 1)","{'clf__C': 1, 'clf__class_weight': 'balanced', 'clf__penalty': 'l2', 'clf__solver': 'liblinear', 'tfidf__max_features': 5000, 'tfidf__min_df': 3, 'tfidf__ngram_range': (1, 1)}",0.7777777777777778,0.7456140350877193,0.7657657657657657,0.6744186046511628,0.7109004739336493,0.734895331443215,0.03778879780332572,13,0.8793103448275862,0.8833718244803695,0.8943089430894309,0.8984830805134189,0.8881199538638985,0.8887188293549407,0.006986539434287987
0.8954942226409912,0.046002564399105904,0.08436455726623535,0.008328978168419784,1.0,balanced,l2,liblinear,5000,3,"(1, 2)","{'clf__C': 1, 'clf__class_weight': 'balanced', 'clf__penalty': 'l2', 'clf__solver': 'liblinear', 'tfidf__max_features': 5000, 'tfidf__min_df': 3, 'tfidf__ngram_range': (1, 2)}",0.7860262008733624,0.7555555555555555,0.783410138248848,0.6976744186046512,0.7345971563981043,0.7514526939361043,0.03289270784150073,2,0.902696365767878,0.8905704307334109,0.9016393442622951,0.9117647058823529,0.9074941451990632,0.902832998369,0.007117804893182075
0.3576968193054199,0.07961884296548187,0.0873603343963623,0.01739283100799881,1.0,balanced,l2,liblinear,5000,5,"(1, 1)","{'clf__C': 1, 'clf__class_weight': 'balanced', 'clf__penalty': 'l2', 'clf__solver': 'liblinear', 'tfidf__max_features': 5000, 'tfidf__min_df': 5, 'tfidf__ngram_range': (1, 1)}",0.7777777777777778,0.7456140350877193,0.7657657657657657,0.6944444444444444,0.7109004739336493,0.7389004994018713,0.03174460307115122,10,0.8793103448275862,0.8755760368663594,0.8860759493670886,0.8984830805134189,0.8860759493670886,0.8851042721883082,0.007813292364827142
0.9828344821929932,0.3266947924790312,0.12913131713867188,0.05152056095806313,1.0,balanced,l2,liblinear,5000,5,"(1, 2)","{'clf__C': 1, 'clf__class_weight': 'balanced', 'clf__penalty': 'l2', 'clf__solver': 'liblinear', 'tfidf__max_features': 5000, 'tfidf__min_df': 5, 'tfidf__ngram_range': (1, 2)}",0.7929515418502202,0.7555555555555555,0.7798165137614679,0.6976744186046512,0.7345971563981043,0.7521190372339998,0.033815635741828755,1,0.8995327102803738,0.8905704307334109,0.902696365767878,0.9096244131455399,0.9064327485380117,0.9017713336930429,0.006553273860879648
0.18980040550231933,0.013222401193551949,0.04904580116271973,0.00440186239685473,1.0,balanced,l2,liblinear,10000,2,"(1, 1)","{'clf__C': 1, 'clf__class_weight': 'balanced', 'clf__penalty': 'l2', 'clf__solver': 'liblinear', 'tfidf__max_features': 10000, 'tfidf__min_df': 2, 'tfidf__ngram_range': (1, 1)}",0.7522123893805309,0.7456140350877193,0.7657657657657657,0.677570093457944,0.704225352112676,0.7290775271609272,0.03294040414917401,16,0.8823529411764706,0.8823529411764706,0.8943089430894309,0.9016393442622951,0.8881199538638985,0.889754824713713,0.00740581341344832
1.3748871326446532,0.4592244759133397,0.13814172744750977,0.04301200174000844,1.0,balanced,l2,liblinear,10000,2,"(1, 2)","{'clf__C': 1, 'clf__class_weight': 'balanced', 'clf__penalty': 'l2', 'clf__solver': 'liblinear', 'tfidf__max_features': 10000, 'tfidf__min_df': 2, 'tfidf__ngram_range': (1, 2)}",0.78125,0.7623318385650224,0.776255707762557,0.6807511737089202,0.7345971563981043,0.7470371752869207,0.036896489846111394,4,0.9090909090909091,0.9101654846335697,0.9134045077105575,0.9160756501182034,0.9160756501182034,0.9129624403342886,0.0029117448117145883
0.25690255165100095,0.07510059635861908,0.060890579223632814,0.01526661153390167,1.0,balanced,l2,liblinear,10000,3,"(1, 1)","{'clf__C': 1, 'clf__class_weight': 'balanced', 'clf__penalty': 'l2', 'clf__solver': 'liblinear', 'tfidf__max_features': 10000, 'tfidf__min_df': 3, 'tfidf__ngram_range': (1, 1)}",0.7777777777777778,0.7456140350877193,0.7657657657657657,0.6744186046511628,0.7109004739336493,0.734895331443215,0.03778879780332572,13,0.8793103448275862,0.8833718244803695,0.8943089430894309,0.8984830805134189,0.8881199538638985,0.8887188293549407,0.006986539434287987
1.158887004852295,0.4302540812960339,0.14033808708190917,0.059372347552825694,1.0,balanced,l2,liblinear,10000,3,"(1, 2)","{'clf__C': 1, 'clf__class_weight': 'balanced', 'clf__penalty': 'l2', 'clf__solver': 'liblinear', 'tfidf__max_features': 10000, 'tfidf__min_df': 3, 'tfidf__ngram_range': (1, 2)}",0.7777777777777778,0.7623318385650224,0.7798165137614679,0.6839622641509434,0.7345971563981043,0.7476971101306631,0.03573350615849484,3,0.9090909090909091,0.9112426035502958,0.915576694411415,0.9139150943396226,0.9149940968122786,0.9129638796409042,0.0024419698791029497
0.22905168533325196,0.08200437220157254,0.0592350959777832,0.022553527064692148,1.0,balanced,l2,liblinear,10000,5,"(1, 1)","{'clf__C': 1, 'clf__class_weight': 'balanced', 'clf__penalty': 'l2', 'clf__solver': 'liblinear', 'tfidf__max_features': 10000, 'tfidf__min_df': 5, 'tfidf__ngram_range': (1, 1)}",0.7777777777777778,0.7456140350877193,0.7657657657657657,0.6944444444444444,0.7109004739336493,0.7389004994018713,0.03174460307115122,10,0.8793103448275862,0.8755760368663594,0.8860759493670886,0.8984830805134189,0.8860759493670886,0.8851042721883082,0.007813292364827142
0.846315336227417,0.010066439298043682,0.10293135643005372,0.01079057274568925,1.0,balanced,l2,liblinear,10000,5,"(1, 2)","{'clf__C': 1, 'clf__class_weight': 'balanced', 'clf__penalty': 'l2', 'clf__solver': 'liblinear', 'tfidf__max_features': 10000, 'tfidf__min_df': 5, 'tfidf__ngram_range': (1, 2)}",0.7709251101321586,0.7623318385650224,0.776255707762557,0.6872037914691943,0.7142857142857143,0.7422004324429293,0.03519660326249979,6,0.9048178613396005,0.9,0.9048178613396005,0.9106933019976499,0.9106933019976499,0.9062044653349002,0.004065465300337248
0.1913139820098877,0.016169903631611585,0.055650520324707034,0.006335345792290799,1.0,balanced,l2,liblinear,20000,2,"(1, 1)","{'clf__C': 1, 'clf__class_weight': 'balanced', 'clf__penalty': 'l2', 'clf__solver': 'liblinear', 'tfidf__max_features': 20000, 'tfidf__min_df': 2, 'tfidf__ngram_range': (1, 1)}",0.7522123893805309,0.7456140350877193,0.7657657657657657,0.677570093457944,0.704225352112676,0.7290775271609272,0.03294040414917401,16,0.8823529411764706,0.8823529411764706,0.8943089430894309,0.9016393442622951,0.8881199538638985,0.889754824713713,0.00740581341344832
1.0874598026275635,0.3240240019244742,0.1433725357055664,0.050903659873811534,1.0,balanced,l2,liblinear,20000,2,"(1, 2)","{'clf__C': 1, 'clf__class_weight': 'balanced', 'clf__penalty': 'l2', 'clf__solver': 'liblinear', 'tfidf__max_features': 20000, 'tfidf__min_df': 2, 'tfidf__ngram_range': (1, 2)}",0.7555555555555555,0.7589285714285714,0.7638888888888888,0.6944444444444444,0.7345971563981043,0.7414829233431129,0.025551709101617023,8,0.9270334928229665,0.9259259259259259,0.9254807692307693,0.9237187127532777,0.9274673008323424,0.9259252403130563,0.0013170036564854627
0.2645090103149414,0.07047893431344442,0.06331229209899902,0.01735828648758096,1.0,balanced,l2,liblinear,20000,3,"(1, 1)","{'clf__C': 1, 'clf__class_weight': 'balanced', 'clf__penalty': 'l2', 'clf__solver': 'liblinear', 'tfidf__max_features': 20000, 'tfidf__min_df': 3, 'tfidf__ngram_range': (1, 1)}",0.7777777777777778,0.7456140350877193,0.7657657657657657,0.6744186046511628,0.7109004739336493,0.734895331443215,0.03778879780332572,13,0.8793103448275862,0.8833718244803695,0.8943089430894309,0.8984830805134189,0.8881199538638985,0.8887188293549407,0.006986539434287987
0.8849538803100586,0.02473052660271727,0.1311951160430908,0.019242736993038086,1.0,balanced,l2,liblinear,20000,3,"(1, 2)","{'clf__C': 1, 'clf__class_weight': 'balanced', 'clf__penalty': 'l2', 'clf__solver': 'liblinear', 'tfidf__max_features': 20000, 'tfidf__min_df': 3, 'tfidf__ngram_range': (1, 2)}",0.7589285714285714,0.7589285714285714,0.7638888888888888,0.6807511737089202,0.7345971563981043,0.7394188723706112,0.031065048637488497,9,0.9123222748815166,0.9166666666666666,0.918854415274463,0.9204275534441805,0.9182464454976303,0.9173034711528913,0.0027666714547793085
0.21529908180236818,0.015137166124766727,0.05235104560852051,0.0054279850129791245,1.0,balanced,l2,liblinear,20000,5,"(1, 1)","{'clf__C': 1, 'clf__class_weight': 'balanced', 'clf__penalty': 'l2', 'clf__solver': 'liblinear', 'tfidf__max_features': 20000, 'tfidf__min_df': 5, 'tfidf__ngram_range': (1, 1)}",0.7777777777777778,0.7456140350877193,0.7657657657657657,0.6944444444444444,0.7109004739336493,0.7389004994018713,0.03174460307115122,10,0.8793103448275862,0.8755760368663594,0.8860759493670886,0.8984830805134189,0.8860759493670886,0.8851042721883082,0.007813292364827142
1.0670287609100342,0.27904448034077417,0.12151947021484374,0.05221965305481095,1.0,balanced,l2,liblinear,20000,5,"(1, 2)","{'clf__C': 1, 'clf__class_weight': 'balanced', 'clf__penalty': 'l2', 'clf__solver': 'liblinear', 'tfidf__max_features': 20000, 'tfidf__min_df': 5, 'tfidf__ngram_range': (1, 2)}",0.7709251101321586,0.7623318385650224,0.776255707762557,0.6872037914691943,0.7142857142857143,0.7422004324429293,0.03519660326249979,6,0.9048178613396005,0.9,0.9048178613396005,0.9106933019976499,0.9106933019976499,0.9062044653349002,0.004065465300337248
0.33741464614868166,0.09541135954978498,0.0712392807006836,0.01884176945753333,10.0,balanced,l1,liblinear,5000,2,"(1, 1)","{'clf__C': 10, 'clf__class_weight': 'balanced', 'clf__penalty': 'l1', 'clf__solver': 'liblinear', 'tfidf__max_features': 5000, 'tfidf__min_df': 2, 'tfidf__ngram_range': (1, 1)}",0.7075471698113207,0.6632653061224489,0.6666666666666666,0.6435643564356436,0.6532663316582915,0.6668619661388743,0.021890088158067002,109,0.9974259974259975,0.9910485933503836,0.9910485933503836,0.9910485933503836,0.9936305732484076,0.9928404701451112,0.0025013512628193654
1.389573621749878,0.3237085191344122,0.18568763732910157,0.057182759162623845,10.0,balanced,l1,liblinear,5000,2,"(1, 2)","{'clf__C': 10, 'clf__class_weight': 'balanced', 'clf__penalty': 'l1', 'clf__solver': 'liblinear', 'tfidf__max_features': 5000, 'tfidf__min_df': 2, 'tfidf__ngram_range': (1, 2)}",0.7246376811594203,0.7038834951456311,0.6701030927835051,0.6341463414634146,0.6829268292682927,0.6831394879640528,0.030733483692828245,91,0.9923175416133163,0.9935897435897436,0.9897828863346104,0.9948652118100129,0.9923664122137404,0.9925843591122847,0.0016840444844860836
0.38147783279418945,0.10147853964620733,0.0864288330078125,0.02728526115060986,10.0,balanced,l1,liblinear,5000,3,"(1, 1)","{'clf__C': 10, 'clf__class_weight': 'balanced', 'clf__penalty': 'l1', 'clf__solver': 'liblinear', 'tfidf__max_features': 5000, 'tfidf__min_df': 3, 'tfidf__ngram_range': (1, 1)}",0.6872037914691943,0.6632653061224489,0.6443298969072165,0.6532663316582915,0.6965174129353234,0.6689165478184949,0.019887685823839298,105,0.9961439588688946,0.9923175416133163,0.9910485933503836,0.9910485933503836,0.9948979591836735,0.9930913292733303,0.0020749335664182263
1.0315353393554687,0.12326008130621811,0.10552067756652832,0.010414928485953155,10.0,balanced,l1,liblinear,5000,3,"(1, 2)","{'clf__C': 10, 'clf__class_weight': 'balanced', 'clf__penalty': 'l1', 'clf__solver': 'liblinear', 'tfidf__max_features': 5000, 'tfidf__min_df': 3, 'tfidf__ngram_range': (1, 2)}",0.7142857142857143,0.7178217821782178,0.6735751295336787,0.6521739130434783,0.7389162561576355,0.699354559039745,0.031685005755266525,63,0.9923175416133163,0.9923175416133163,0.9897828863346104,0.9948652118100129,0.9923664122137404,0.9923299187169994,0.0016072786432423834
0.2587836742401123,0.015362369533607638,0.05961003303527832,0.005705317638995897,10.0,balanced,l1,liblinear,5000,5,"(1, 1)","{'clf__C': 10, 'clf__class_weight': 'balanced', 'clf__penalty': 'l1', 'clf__solver': 'liblinear', 'tfidf__max_features': 5000, 'tfidf__min_df': 5, 'tfidf__ngram_range': (1, 1)}",0.6872037914691943,0.6852791878172588,0.6217616580310881,0.6188118811881188,0.6716417910447762,0.6569396619100872,0.030418476251778702,115,0.9948652118100129,0.9935897435897436,0.9910485933503836,0.9935897435897436,0.9948979591836735,0.9935982503047114,0.0013996663844730779
1.3420435428619384,0.33495623262004653,0.13319554328918456,0.03587124447538032,10.0,balanced,l1,liblinear,5000,5,"(1, 2)","{'clf__C': 10, 'clf__class_weight': 'balanced', 'clf__penalty': 'l1', 'clf__solver': 'liblinear', 'tfidf__max_features': 5000, 'tfidf__min_df': 5, 'tfidf__ngram_range': (1, 2)}",0.7416267942583732,0.7389162561576355,0.6510416666666666,0.6310679611650486,0.6862745098039216,0.6897854376103292,0.04486092293151559,77,0.9935897435897436,0.9923175416133163,0.9885204081632653,0.9948652118100129,0.9911054637865311,0.9920796737925738,0.0021777773483493915
0.29575381278991697,0.039667760178312056,0.05642294883728027,0.00811640365318974,10.0,balanced,l1,liblinear,10000,2,"(1, 1)","{'clf__C': 10, 'clf__class_weight': 'balanced', 'clf__penalty': 'l1', 'clf__solver': 'liblinear', 'tfidf__max_features': 10000, 'tfidf__min_df': 2, 'tfidf__ngram_range': (1, 1)}",0.7109004739336493,0.6598984771573604,0.6666666666666666,0.6617647058823529,0.6716417910447762,0.6741744229369611,0.018811630209018743,101,0.9974259974259975,0.9910485933503836,0.9910485933503836,0.9897828863346104,0.9936305732484076,0.9925873287419567,0.0027240185080442477
1.223900604248047,0.23899459191505423,0.12176151275634765,0.02013843668335283,10.0,balanced,l1,liblinear,10000,2,"(1, 2)","{'clf__C': 10, 'clf__class_weight': 'balanced', 'clf__penalty': 'l1', 'clf__solver': 'liblinear', 'tfidf__max_features': 10000, 'tfidf__min_df': 2, 'tfidf__ngram_range': (1, 2)}",0.7619047619047619,0.6971153846153846,0.6345177664974619,0.6220095693779905,0.7004830917874396,0.6832061148366078,0.05059844110001585,90,0.9897828863346104,0.9885204081632653,0.9860050890585241,0.9910485933503836,0.9911054637865311,0.989292488138663,0.0018981241690411964
0.35410151481628416,0.08087151518413531,0.07914247512817382,0.02196828214717182,10.0,balanced,l1,liblinear,10000,3,"(1, 1)","{'clf__C': 10, 'clf__class_weight': 'balanced', 'clf__penalty': 'l1', 'clf__solver': 'liblinear', 'tfidf__max_features': 10000, 'tfidf__min_df': 3, 'tfidf__ngram_range': (1, 1)}",0.6872037914691943,0.6632653061224489,0.6443298969072165,0.6532663316582915,0.6965174129353234,0.6689165478184949,0.019887685823839298,105,0.9961439588688946,0.9923175416133163,0.9910485933503836,0.9910485933503836,0.9948979591836735,0.9930913292733303,0.0020749335664182263
1.218427801132202,0.1756495497204358,0.1303551197052002,0.03446375089886078,10.0,balanced,l1,liblinear,10000,3,"(1, 2)","{'clf__C': 10, 'clf__class_weight': 'balanced', 'clf__penalty': 'l1', 'clf__solver': 'liblinear', 'tfidf__max_features': 10000, 'tfidf__min_df': 3, 'tfidf__ngram_range': (1, 2)}",0.7819905213270142,0.7004830917874396,0.6410256410256411,0.645933014354067,0.7246376811594203,0.6988139899307165,0.05239060059193018,64,0.9923175416133163,0.9860050890585241,0.9847522236340533,0.9910485933503836,0.9860935524652339,0.9880434000243022,0.003036047838180807
0.36014671325683595,0.07137565715827736,0.06876583099365234,0.01574363692754032,10.0,balanced,l1,liblinear,10000,5,"(1, 1)","{'clf__C': 10, 'clf__class_weight': 'balanced', 'clf__penalty': 'l1', 'clf__solver': 'liblinear', 'tfidf__max_features': 10000, 'tfidf__min_df': 5, 'tfidf__ngram_range': (1, 1)}",0.6872037914691943,0.6852791878172588,0.6217616580310881,0.6188118811881188,0.6716417910447762,0.6569396619100872,0.030418476251778702,115,0.9948652118100129,0.9935897435897436,0.9910485933503836,0.9935897435897436,0.9948979591836735,0.9935982503047114,0.0013996663844730779
1.188807725906372,0.16119627194332548,0.1221540927886963,0.03688869719454685,10.0,balanced,l1,liblinear,10000,5,"(1, 2)","{'clf__C': 10, 'clf__class_weight': 'balanced', 'clf__penalty': 'l1', 'clf__solver': 'liblinear', 'tfidf__max_features': 10000, 'tfidf__min_df': 5, 'tfidf__ngram_range': (1, 2)}",0.7352941176470589,0.6896551724137931,0.6544502617801047,0.6521739130434783,0.7281553398058253,0.691945760938052,0.03516581513058668,74,0.9923175416133163,0.9910485933503836,0.9860050890585241,0.9935897435897436,0.9911054637865311,0.9908132862796997,0.002578022379031758
0.3110500812530518,0.047784739018858574,0.06898732185363769,0.015266415410819552,10.0,balanced,l1,liblinear,20000,2,"(1, 1)","{'clf__C': 10, 'clf__class_weight': 'balanced', 'clf__penalty': 'l1', 'clf__solver': 'liblinear', 'tfidf__max_features': 20000, 'tfidf__min_df': 2, 'tfidf__ngram_range': (1, 1)}",0.7109004739336493,0.6598984771573604,0.6666666666666666,0.6617647058823529,0.6716417910447762,0.6741744229369611,0.018811630209018743,101,0.9974259974259975,0.9910485933503836,0.9910485933503836,0.9897828863346104,0.9936305732484076,0.9925873287419567,0.0027240185080442477
1.042987298965454,0.2510777516922589,0.12069635391235352,0.0434155389829459,10.0,balanced,l1,liblinear,20000,2,"(1, 2)","{'clf__C': 10, 'clf__class_weight': 'balanced', 'clf__penalty': 'l1', 'clf__solver': 'liblinear', 'tfidf__max_features': 20000, 'tfidf__min_df': 2, 'tfidf__ngram_range': (1, 2)}",0.783410138248848,0.7142857142857143,0.6313131313131313,0.6398104265402843,0.7380952380952381,0.7013829296966432,0.058212864852055256,61,0.9847522236340533,0.983502538071066,0.982256020278834,0.9860050890585241,0.9873417721518988,0.9847715286388754,0.001792557674330252
0.2989065170288086,0.07887511969093618,0.06585888862609864,0.013621885628820581,10.0,balanced,l1,liblinear,20000,3,"(1, 1)","{'clf__C': 10, 'clf__class_weight': 'balanced', 'clf__penalty': 'l1', 'clf__solver': 'liblinear', 'tfidf__max_features': 20000, 'tfidf__min_df': 3, 'tfidf__ngram_range': (1, 1)}",0.6872037914691943,0.6632653061224489,0.6443298969072165,0.6532663316582915,0.6965174129353234,0.6689165478184949,0.019887685823839298,105,0.9961439588688946,0.9923175416133163,0.9910485933503836,0.9910485933503836,0.9948979591836735,0.9930913292733303,0.0020749335664182263
1.354748249053955,0.29001479723326,0.1533666133880615,0.013549733111731074,10.0,balanced,l1,liblinear,20000,3,"(1, 2)","{'clf__C': 10, 'clf__class_weight': 'balanced', 'clf__penalty': 'l1', 'clf__solver': 'liblinear', 'tfidf__max_features': 20000, 'tfidf__min_df': 3, 'tfidf__ngram_range': (1, 2)}",0.794392523364486,0.69377990430622,0.6377551020408163,0.6635071090047393,0.7246376811594203,0.7028144639751365,0.054262704997581034,54,0.9872611464968153,0.9860050890585241,0.9847522236340533,0.9897828863346104,0.9848484848484849,0.9865299660744977,0.0018643689660858631
0.29050140380859374,0.05708224935350073,0.07287735939025879,0.01876156124215352,10.0,balanced,l1,liblinear,20000,5,"(1, 1)","{'clf__C': 10, 'clf__class_weight': 'balanced', 'clf__penalty': 'l1', 'clf__solver': 'liblinear', 'tfidf__max_features': 20000, 'tfidf__min_df': 5, 'tfidf__ngram_range': (1, 1)}",0.6872037914691943,0.6852791878172588,0.6217616580310881,0.6188118811881188,0.6716417910447762,0.6569396619100872,0.030418476251778702,115,0.9948652118100129,0.9935897435897436,0.9910485933503836,0.9935897435897436,0.9948979591836735,0.9935982503047114,0.0013996663844730779
1.1495205402374267,0.16114717731501532,0.10615096092224122,0.019900672961557345,10.0,balanced,l1,liblinear,20000,5,"(1, 2)","{'clf__C': 10, 'clf__class_weight': 'balanced', 'clf__penalty': 'l1', 'clf__solver': 'liblinear', 'tfidf__max_features': 20000, 'tfidf__min_df': 5, 'tfidf__ngram_range': (1, 2)}",0.7352941176470589,0.6896551724137931,0.6544502617801047,0.6521739130434783,0.7281553398058253,0.691945760938052,0.03516581513058668,74,0.9923175416133163,0.9910485933503836,0.9860050890585241,0.9935897435897436,0.9911054637865311,0.9908132862796997,0.002578022379031758
0.304760217666626,0.06034769001907844,0.09099292755126953,0.016339458988778494,10.0,balanced,l2,liblinear,5000,2,"(1, 1)","{'clf__C': 10, 'clf__class_weight': 'balanced', 'clf__penalty': 'l2', 'clf__solver': 'liblinear', 'tfidf__max_features': 5000, 'tfidf__min_df': 2, 'tfidf__ngram_range': (1, 1)}",0.7598039215686274,0.7537688442211056,0.7178217821782178,0.6313131313131313,0.6410256410256411,0.7007466640613447,0.05473259901413247,62,0.9810126582278481,0.9748427672955975,0.9860050890585241,0.982256020278834,0.9836065573770492,0.9815446184475706,0.0037376803855914366
0.9294468402862549,0.10378659643554924,0.08556933403015136,0.007741882678747092,10.0,balanced,l2,liblinear,5000,2,"(1, 2)","{'clf__C': 10, 'clf__class_weight': 'balanced', 'clf__penalty': 'l2', 'clf__solver': 'liblinear', 'tfidf__max_features': 5000, 'tfidf__min_df': 2, 'tfidf__ngram_range': (1, 2)}",0.821256038647343,0.7537688442211056,0.7286432160804021,0.6565656565656566,0.6666666666666666,0.7253800844362347,0.060318254642321385,20,0.9860050890585241,0.9860050890585241,0.9885204081632653,0.9897828863346104,0.9898477157360406,0.988032237670193,0.0017214938147834644
0.25069870948791506,0.06863101579304698,0.05998473167419434,0.019389442420267283,10.0,balanced,l2,liblinear,5000,3,"(1, 1)","{'clf__C': 10, 'clf__class_weight': 'balanced', 'clf__penalty': 'l2', 'clf__solver': 'liblinear', 'tfidf__max_features': 5000, 'tfidf__min_df': 3, 'tfidf__ngram_range': (1, 1)}",0.7598039215686274,0.7537688442211056,0.7213930348258707,0.6313131313131313,0.6443298969072165,0.7021217657671902,0.05425826470029272,58,0.9773013871374527,0.9760705289672544,0.9860050890585241,0.982256020278834,0.9836065573770492,0.981047916563823,0.0037786396115185223
1.0650406360626221,0.23973168415738472,0.12379889488220215,0.028375497881921813,10.0,balanced,l2,liblinear,5000,3,"(1, 2)","{'clf__C': 10, 'clf__class_weight': 'balanced', 'clf__penalty': 'l2', 'clf__solver': 'liblinear', 'tfidf__max_features': 5000, 'tfidf__min_df': 3, 'tfidf__ngram_range': (1, 2)}",0.8009708737864077,0.7537688442211056,0.725,0.6565656565656566,0.6887755102040817,0.7250161769554503,0.05018902624176594,21,0.9847522236340533,0.9872611464968153,0.9897828863346104,0.9910485933503836,0.9898477157360406,0.9885385131103807,0.002259673981417083
0.1941307544708252,0.007451197965754849,0.056136369705200195,0.00703785866269121,10.0,balanced,l2,liblinear,5000,5,"(1, 1)","{'clf__C': 10, 'clf__class_weight': 'balanced', 'clf__penalty': 'l2', 'clf__solver': 'liblinear', 'tfidf__max_features': 5000, 'tfidf__min_df': 5, 'tfidf__ngram_range': (1, 1)}",0.7598039215686274,0.7635467980295566,0.7,0.625,0.6410256410256411,0.697875272124765,0.057784266454655876,67,0.9760705289672544,0.9748427672955975,0.982256020278834,0.9810126582278481,0.982367758186398,0.9793099465911863,0.00320556722729885
1.126590871810913,0.1910300587730544,0.12600603103637695,0.0358590446655846,10.0,balanced,l2,liblinear,5000,5,"(1, 2)","{'clf__C': 10, 'clf__class_weight': 'balanced', 'clf__penalty': 'l2', 'clf__solver': 'liblinear', 'tfidf__max_features': 5000, 'tfidf__min_df': 5, 'tfidf__ngram_range': (1, 2)}",0.8252427184466019,0.75,0.7035175879396985,0.6313131313131313,0.6666666666666666,0.7153480208732197,0.06760074003485855,39,0.9860050890585241,0.9872611464968153,0.9885204081632653,0.9910485933503836,0.9898477157360406,0.9885365905610058,0.0017924690528092493
0.26092705726623533,0.04800475219236723,0.06661977767944335,0.01692757800513539,10.0,balanced,l2,liblinear,10000,2,"(1, 1)","{'clf__C': 10, 'clf__class_weight': 'balanced', 'clf__penalty': 'l2', 'clf__solver': 'liblinear', 'tfidf__max_features': 10000, 'tfidf__min_df': 2, 'tfidf__ngram_range': (1, 1)}",0.7389162561576355,0.7711442786069652,0.725,0.6532663316582915,0.6377551020408163,0.7052163936927418,0.05123161647784658,52,0.9810126582278481,0.9760705289672544,0.9860050890585241,0.982256020278834,0.9836065573770492,0.981790170781902,0.003304561706338728
1.0932445049285888,0.17493014869096948,0.09587130546569825,0.02344072587386848,10.0,balanced,l2,liblinear,10000,2,"(1, 2)","{'clf__C': 10, 'clf__class_weight': 'balanced', 'clf__penalty': 'l2', 'clf__solver': 'liblinear', 'tfidf__max_features': 10000, 'tfidf__min_df': 2, 'tfidf__ngram_range': (1, 2)}",0.8009708737864077,0.746268656716418,0.7213930348258707,0.6377551020408163,0.6632653061224489,0.7139305946983925,0.05839028275246751,40,0.9897828863346104,0.9897828863346104,0.9910485933503836,0.9935897435897436,0.9923664122137404,0.9913141043646176,0.0014863135000244953
0.2962733268737793,0.07003984589364351,0.07984991073608398,0.025762896590628165,10.0,balanced,l2,liblinear,10000,3,"(1, 1)","{'clf__C': 10, 'clf__class_weight': 'balanced', 'clf__penalty': 'l2', 'clf__solver': 'liblinear', 'tfidf__max_features': 10000, 'tfidf__min_df': 3, 'tfidf__ngram_range': (1, 1)}",0.7598039215686274,0.7537688442211056,0.7213930348258707,0.6313131313131313,0.6443298969072165,0.7021217657671902,0.05425826470029272,58,0.9773013871374527,0.9760705289672544,0.9860050890585241,0.982256020278834,0.9836065573770492,0.981047916563823,0.0037786396115185223
1.0145995140075683,0.17633055409412,0.13508338928222657,0.04676431667675789,10.0,balanced,l2,liblinear,10000,3,"(1, 2)","{'clf__C': 10, 'clf__class_weight': 'balanced', 'clf__penalty': 'l2', 'clf__solver': 'liblinear', 'tfidf__max_features': 10000, 'tfidf__min_df': 3, 'tfidf__ngram_range': (1, 2)}",0.8009708737864077,0.7286432160804021,0.725,0.6377551020408163,0.6666666666666666,0.7118071717148585,0.05644296784216579,47,0.9910485933503836,0.9897828863346104,0.9910485933503836,0.9935897435897436,0.9936305732484076,0.9918200779747058,0.0015329798664528744
0.29308199882507324,0.04796243769732884,0.06549177169799805,0.013962562447764441,10.0,balanced,l2,liblinear,10000,5,"(1, 1)","{'clf__C': 10, 'clf__class_weight': 'balanced', 'clf__penalty': 'l2', 'clf__solver': 'liblinear', 'tfidf__max_features': 10000, 'tfidf__min_df': 5, 'tfidf__ngram_range': (1, 1)}",0.7598039215686274,0.7635467980295566,0.7,0.625,0.6410256410256411,0.697875272124765,0.057784266454655876,67,0.9760705289672544,0.9748427672955975,0.982256020278834,0.9810126582278481,0.982367758186398,0.9793099465911863,0.00320556722729885
0.981856107711792,0.1309302783675051,0.0994232177734375,0.028280599045276668,10.0,balanced,l2,liblinear,10000,5,"(1, 2)","{'clf__C': 10, 'clf__class_weight': 'balanced', 'clf__penalty': 'l2', 'clf__solver': 'liblinear', 'tfidf__max_features': 10000, 'tfidf__min_df': 5, 'tfidf__ngram_range': (1, 2)}",0.8009708737864077,0.725,0.725,0.6410256410256411,0.6887755102040817,0.7161544050032261,0.052429490815312375,37,0.9872611464968153,0.9897828863346104,0.9897828863346104,0.9923175416133163,0.9911054637865311,0.9900499849131768,0.001683814244764722
0.2845813274383545,0.0314431787411949,0.06764636039733887,0.008170689715958093,10.0,balanced,l2,liblinear,20000,2,"(1, 1)","{'clf__C': 10, 'clf__class_weight': 'balanced', 'clf__penalty': 'l2', 'clf__solver': 'liblinear', 'tfidf__max_features': 20000, 'tfidf__min_df': 2, 'tfidf__ngram_range': (1, 1)}",0.7389162561576355,0.7711442786069652,0.725,0.6532663316582915,0.6377551020408163,0.7052163936927418,0.05123161647784658,52,0.9810126582278481,0.9760705289672544,0.9860050890585241,0.982256020278834,0.9836065573770492,0.981790170781902,0.003304561706338728
0.9560417652130127,0.20359044210020547,0.11459746360778808,0.037597980632063356,10.0,balanced,l2,liblinear,20000,2,"(1, 2)","{'clf__C': 10, 'clf__class_weight': 'balanced', 'clf__penalty': 'l2', 'clf__solver': 'liblinear', 'tfidf__max_features': 20000, 'tfidf__min_df': 2, 'tfidf__ngram_range': (1, 2)}",0.8009708737864077,0.7142857142857143,0.725,0.6410256410256411,0.6632653061224489,0.7089095070440423,0.05559625015721559,51,0.9923175416133163,0.9935897435897436,0.9948652118100129,0.9935897435897436,0.9948979591836735,0.993852039957298,0.000960494473464853
0.23279786109924316,0.05152908823400393,0.056297826766967776,0.009883117750321564,10.0,balanced,l2,liblinear,20000,3,"(1, 1)","{'clf__C': 10, 'clf__class_weight': 'balanced', 'clf__penalty': 'l2', 'clf__solver': 'liblinear', 'tfidf__max_features': 20000, 'tfidf__min_df': 3, 'tfidf__ngram_range': (1, 1)}",0.7598039215686274,0.7537688442211056,0.7213930348258707,0.6313131313131313,0.6443298969072165,0.7021217657671902,0.05425826470029272,58,0.9773013871374527,0.9760705289672544,0.9860050890585241,0.982256020278834,0.9836065573770492,0.981047916563823,0.0037786396115185223
1.0388667583465576,0.19370860291296443,0.1238245964050293,0.03487134075206524,10.0,balanced,l2,liblinear,20000,3,"(1, 2)","{'clf__C': 10, 'clf__class_weight': 'balanced', 'clf__penalty': 'l2', 'clf__solver': 'liblinear', 'tfidf__max_features': 20000, 'tfidf__min_df': 3, 'tfidf__ngram_range': (1, 2)}",0.8292682926829268,0.7142857142857143,0.7035175879396985,0.6443298969072165,0.6632653061224489,0.710933359587601,0.06446340497368253,50,0.9910485933503836,0.9910485933503836,0.9923175416133163,0.9935897435897436,0.9936305732484076,0.992327009030447,0.0011456492632250228
0.2623290061950684,0.07221846622229736,0.07898960113525391,0.048361571947757385,10.0,balanced,l2,liblinear,20000,5,"(1, 1)","{'clf__C': 10, 'clf__class_weight': 'balanced', 'clf__penalty': 'l2', 'clf__solver': 'liblinear', 'tfidf__max_features': 20000, 'tfidf__min_df': 5, 'tfidf__ngram_range': (1, 1)}",0.7598039215686274,0.7635467980295566,0.7,0.625,0.6410256410256411,0.697875272124765,0.057784266454655876,67,0.9760705289672544,0.9748427672955975,0.982256020278834,0.9810126582278481,0.982367758186398,0.9793099465911863,0.00320556722729885
1.0663722515106202,0.19444601254771618,0.11069393157958984,0.024770905656657627,10.0,balanced,l2,liblinear,20000,5,"(1, 2)","{'clf__C': 10, 'clf__class_weight': 'balanced', 'clf__penalty': 'l2', 'clf__solver': 'liblinear', 'tfidf__max_features': 20000, 'tfidf__min_df': 5, 'tfidf__ngram_range': (1, 2)}",0.8009708737864077,0.725,0.725,0.6410256410256411,0.6887755102040817,0.7161544050032261,0.052429490815312375,37,0.9872611464968153,0.9897828863346104,0.9897828863346104,0.9923175416133163,0.9911054637865311,0.9900499849131768,0.001683814244764722
0.3477278709411621,0.08927437392801142,0.07118916511535645,0.01796561966452498,100.0,balanced,l1,liblinear,5000,2,"(1, 1)","{'clf__C': 100, 'clf__class_weight': 'balanced', 'clf__penalty': 'l1', 'clf__solver': 'liblinear', 'tfidf__max_features': 5000, 'tfidf__min_df': 2, 'tfidf__ngram_range': (1, 1)}",0.6698564593301436,0.5978260869565217,0.5555555555555556,0.6122448979591837,0.5958549222797928,0.6062675844162395,0.036961238002274376,158,1.0,1.0,1.0,1.0,1.0,1.0,0.0
1.0484402179718018,0.2034714945740738,0.11843185424804688,0.0271054756185411,100.0,balanced,l1,liblinear,5000,2,"(1, 2)","{'clf__C': 100, 'clf__class_weight': 'balanced', 'clf__penalty': 'l1', 'clf__solver': 'liblinear', 'tfidf__max_features': 5000, 'tfidf__min_df': 2, 'tfidf__ngram_range': (1, 2)}",0.6435643564356436,0.6666666666666666,0.6084656084656085,0.5778894472361809,0.625,0.6243172157608199,0.030236420934097053,147,1.0,1.0,1.0,1.0,1.0,1.0,0.0
0.3545938014984131,0.07259094344709542,0.05742754936218262,0.013407970212109413,100.0,balanced,l1,liblinear,5000,3,"(1, 1)","{'clf__C': 100, 'clf__class_weight': 'balanced', 'clf__penalty': 'l1', 'clf__solver': 'liblinear', 'tfidf__max_features': 5000, 'tfidf__min_df': 3, 'tfidf__ngram_range': (1, 1)}",0.6553398058252428,0.6510416666666666,0.5585106382978723,0.5867346938775511,0.6666666666666666,0.6236586942667999,0.04292052352489153,148,1.0,1.0,1.0,1.0,1.0,1.0,0.0
1.0058561325073243,0.24055148505624416,0.10802736282348632,0.028230129283872453,100.0,balanced,l1,liblinear,5000,3,"(1, 2)","{'clf__C': 100, 'clf__class_weight': 'balanced', 'clf__penalty': 'l1', 'clf__solver': 'liblinear', 'tfidf__max_features': 5000, 'tfidf__min_df': 3, 'tfidf__ngram_range': (1, 2)}",0.6218905472636815,0.6887755102040817,0.5851063829787234,0.6188118811881188,0.6578947368421053,0.6344958116953422,0.03560334086774709,134,1.0,1.0,1.0,1.0,1.0,1.0,0.0
0.3026927947998047,0.06704617435653369,0.060585403442382814,0.011700178097869251,100.0,balanced,l1,liblinear,5000,5,"(1, 1)","{'clf__C': 100, 'clf__class_weight': 'balanced', 'clf__penalty': 'l1', 'clf__solver': 'liblinear', 'tfidf__max_features': 5000, 'tfidf__min_df': 5, 'tfidf__ngram_range': (1, 1)}",0.6829268292682927,0.6544502617801047,0.5497382198952879,0.583756345177665,0.6532663316582915,0.6248275975559283,0.04977358128170307,144,1.0,1.0,1.0,1.0,1.0,1.0,0.0
1.045694637298584,0.18894088208463095,0.09953885078430176,0.03020295491346892,100.0,balanced,l1,liblinear,5000,5,"(1, 2)","{'clf__C': 100, 'clf__class_weight': 'balanced', 'clf__penalty': 'l1', 'clf__solver': 'liblinear', 'tfidf__max_features': 5000, 'tfidf__min_df': 5, 'tfidf__ngram_range': (1, 2)}",0.6403940886699507,0.7216494845360825,0.6084656084656085,0.6030150753768844,0.6578947368421053,0.6462837987781263,0.042782910375377445,124,1.0,1.0,1.0,1.0,1.0,1.0,0.0
0.34183130264282224,0.07799683000578428,0.07016472816467285,0.017243854642403904,100.0,balanced,l1,liblinear,10000,2,"(1, 1)","{'clf__C': 100, 'clf__class_weight': 'balanced', 'clf__penalty': 'l1', 'clf__solver': 'liblinear', 'tfidf__max_features': 10000, 'tfidf__min_df': 2, 'tfidf__ngram_range': (1, 1)}",0.6730769230769231,0.5945945945945946,0.5585106382978723,0.6153846153846154,0.5789473684210527,0.6041028279550116,0.03920856010930934,160,1.0,1.0,1.0,1.0,1.0,1.0,0.0
0.9115032196044922,0.04781371974369892,0.10695195198059082,0.014949711023911625,100.0,balanced,l1,liblinear,10000,2,"(1, 2)","{'clf__C': 100, 'clf__class_weight': 'balanced', 'clf__penalty': 'l1', 'clf__solver': 'liblinear', 'tfidf__max_features': 10000, 'tfidf__min_df': 2, 'tfidf__ngram_range': (1, 2)}",0.6345177664974619,0.678391959798995,0.6020942408376964,0.6435643564356436,0.6443298969072165,0.6405796440954027,0.02437464562489198,133,1.0,1.0,1.0,1.0,1.0,1.0,0.0
0.3493067264556885,0.10588460669592722,0.0722083568572998,0.027268667592407786,100.0,balanced,l1,liblinear,10000,3,"(1, 1)","{'clf__C': 100, 'clf__class_weight': 'balanced', 'clf__penalty': 'l1', 'clf__solver': 'liblinear', 'tfidf__max_features': 10000, 'tfidf__min_df': 3, 'tfidf__ngram_range': (1, 1)}",0.6553398058252428,0.6510416666666666,0.5585106382978723,0.5867346938775511,0.6666666666666666,0.6236586942667999,0.04292052352489153,148,1.0,1.0,1.0,1.0,1.0,1.0,0.0
1.034440040588379,0.19330418039079988,0.12872061729431153,0.024428678712757116,100.0,balanced,l1,liblinear,10000,3,"(1, 2)","{'clf__C': 100, 'clf__class_weight': 'balanced', 'clf__penalty': 'l1', 'clf__solver': 'liblinear', 'tfidf__max_features': 10000, 'tfidf__min_df': 3, 'tfidf__ngram_range': (1, 2)}",0.6716417910447762,0.6852791878172588,0.6282722513089005,0.6716417910447762,0.6476683937823834,0.6609006829996191,0.020321231920056523,114,1.0,1.0,1.0,1.0,1.0,1.0,0.0
0.3794344425201416,0.08092697774497996,0.08152685165405274,0.024451849463344846,100.0,balanced,l1,liblinear,10000,5,"(1, 1)","{'clf__C': 100, 'clf__class_weight': 'balanced', 'clf__penalty': 'l1', 'clf__solver': 'liblinear', 'tfidf__max_features': 10000, 'tfidf__min_df': 5, 'tfidf__ngram_range': (1, 1)}",0.6829268292682927,0.6544502617801047,0.5497382198952879,0.583756345177665,0.6532663316582915,0.6248275975559283,0.04977358128170307,144,1.0,1.0,1.0,1.0,1.0,1.0,0.0
1.157104253768921,0.1605824584386077,0.13892273902893065,0.04272082995920941,100.0,balanced,l1,liblinear,10000,5,"(1, 2)","{'clf__C': 100, 'clf__class_weight': 'balanced', 'clf__penalty': 'l1', 'clf__solver': 'liblinear', 'tfidf__max_features': 10000, 'tfidf__min_df': 5, 'tfidf__ngram_range': (1, 2)}",0.6091370558375635,0.6958762886597938,0.6084656084656085,0.65,0.6510416666666666,0.6429041239259264,0.03240014669751561,125,1.0,1.0,1.0,1.0,1.0,1.0,0.0
0.3464653491973877,0.07756406746557351,0.09231481552124024,0.026086435486788673,100.0,balanced,l1,liblinear,20000,2,"(1, 1)","{'clf__C': 100, 'clf__class_weight': 'balanced', 'clf__penalty': 'l1', 'clf__solver': 'liblinear', 'tfidf__max_features': 20000, 'tfidf__min_df': 2, 'tfidf__ngram_range': (1, 1)}",0.6730769230769231,0.5945945945945946,0.5585106382978723,0.6153846153846154,0.5789473684210527,0.6041028279550116,0.03920856010930934,160,1.0,1.0,1.0,1.0,1.0,1.0,0.0
1.3290881156921386,0.23070610179169748,0.15482006072998047,0.027903073247845533,100.0,balanced,l1,liblinear,20000,2,"(1, 2)","{'clf__C': 100, 'clf__class_weight': 'balanced', 'clf__penalty': 'l1', 'clf__solver': 'liblinear', 'tfidf__max_features': 20000, 'tfidf__min_df': 2, 'tfidf__ngram_range': (1, 2)}",0.6829268292682927,0.7073170731707317,0.6476683937823834,0.6521739130434783,0.6565656565656566,0.6693303731661085,0.022602550565942982,104,1.0,1.0,1.0,1.0,1.0,1.0,0.0
0.38964204788208007,0.05155280429752239,0.08070979118347169,0.01687518666060433,100.0,balanced,l1,liblinear,20000,3,"(1, 1)","{'clf__C': 100, 'clf__class_weight': 'balanced', 'clf__penalty': 'l1', 'clf__solver': 'liblinear', 'tfidf__max_features': 20000, 'tfidf__min_df': 3, 'tfidf__ngram_range': (1, 1)}",0.6553398058252428,0.6510416666666666,0.5585106382978723,0.5867346938775511,0.6666666666666666,0.6236586942667999,0.04292052352489153,148,1.0,1.0,1.0,1.0,1.0,1.0,0.0
1.0895505905151368,0.033877134479536636,0.1144902229309082,0.026832113432502407,100.0,balanced,l1,liblinear,20000,3,"(1, 2)","{'clf__C': 100, 'clf__class_weight': 'balanced', 'clf__penalty': 'l1', 'clf__solver': 'liblinear', 'tfidf__max_features': 20000, 'tfidf__min_df': 3, 'tfidf__ngram_range': (1, 2)}",0.628140703517588,0.7035175879396985,0.625,0.6467661691542289,0.6701030927835051,0.6547055106790041,0.029226166047702947,120,1.0,1.0,1.0,1.0,1.0,1.0,0.0
0.3488802433013916,0.0741934109635438,0.08231358528137207,0.013093576318674438,100.0,balanced,l1,liblinear,20000,5,"(1, 1)","{'clf__C': 100, 'clf__class_weight': 'balanced', 'clf__penalty': 'l1', 'clf__solver': 'liblinear', 'tfidf__max_features': 20000, 'tfidf__min_df': 5, 'tfidf__ngram_range': (1, 1)}",0.6829268292682927,0.6544502617801047,0.5497382198952879,0.583756345177665,0.6532663316582915,0.6248275975559283,0.04977358128170307,144,1.0,1.0,1.0,1.0,1.0,1.0,0.0
1.1361764430999757,0.1871555248490627,0.1177640438079834,0.03832327802656171,100.0,balanced,l1,liblinear,20000,5,"(1, 2)","{'clf__C': 100, 'clf__class_weight': 'balanced', 'clf__penalty': 'l1', 'clf__solver': 'liblinear', 'tfidf__max_features': 20000, 'tfidf__min_df': 5, 'tfidf__ngram_range': (1, 2)}",0.6091370558375635,0.6958762886597938,0.6084656084656085,0.65,0.6510416666666666,0.6429041239259264,0.03240014669751561,125,1.0,1.0,1.0,1.0,1.0,1.0,0.0
0.2649637222290039,0.04127139099230959,0.06741948127746582,0.006073524400845092,100.0,balanced,l2,liblinear,5000,2,"(1, 1)","{'clf__C': 100, 'clf__class_weight': 'balanced', 'clf__penalty': 'l2', 'clf__solver': 'liblinear', 'tfidf__max_features': 5000, 'tfidf__min_df': 2, 'tfidf__ngram_range': (1, 1)}",0.7425742574257426,0.7216494845360825,0.6476683937823834,0.5729166666666666,0.5958549222797928,0.6561327449381336,0.06692466671787325,119,1.0,1.0,1.0,1.0,1.0,1.0,0.0
0.9877416610717773,0.1456075006285496,0.10067424774169922,0.02641948439222675,100.0,balanced,l2,liblinear,5000,2,"(1, 2)","{'clf__C': 100, 'clf__class_weight': 'balanced', 'clf__penalty': 'l2', 'clf__solver': 'liblinear', 'tfidf__max_features': 5000, 'tfidf__min_df': 2, 'tfidf__ngram_range': (1, 2)}",0.75,0.6578947368421053,0.6282722513089005,0.5729166666666666,0.6735751295336787,0.6565317568702703,0.05799780979353543,118,1.0,1.0,1.0,0.9987113402061856,1.0,0.999742268041237,0.0005154639175257714
0.25100126266479494,0.04851867836680721,0.06133480072021484,0.01766261485835953,100.0,balanced,l2,liblinear,5000,3,"(1, 1)","{'clf__C': 100, 'clf__class_weight': 'balanced', 'clf__penalty': 'l2', 'clf__solver': 'liblinear', 'tfidf__max_features': 5000, 'tfidf__min_df': 3, 'tfidf__ngram_range': (1, 1)}",0.7,0.7397959183673469,0.6217616580310881,0.5699481865284974,0.5729166666666666,0.6408844859187197,0.06825742603645756,130,1.0,1.0,1.0,1.0,1.0,1.0,0.0
1.0492610931396484,0.2691290453653434,0.12317886352539062,0.03978309148264752,100.0,balanced,l2,liblinear,5000,3,"(1, 2)","{'clf__C': 100, 'clf__class_weight': 'balanced', 'clf__penalty': 'l2', 'clf__solver': 'liblinear', 'tfidf__max_features': 5000, 'tfidf__min_df': 3, 'tfidf__ngram_range': (1, 2)}",0.75,0.7216494845360825,0.6510416666666666,0.5789473684210527,0.6735751295336787,0.675042729831496,0.05933515872311727,100,1.0,1.0,1.0,0.9987113402061856,1.0,0.999742268041237,0.0005154639175257714
0.22711625099182128,0.054308036673038546,0.05458745956420898,0.008507307206753422,100.0,balanced,l2,liblinear,5000,5,"(1, 1)","{'clf__C': 100, 'clf__class_weight': 'balanced', 'clf__penalty': 'l2', 'clf__solver': 'liblinear', 'tfidf__max_features': 5000, 'tfidf__min_df': 5, 'tfidf__ngram_range': (1, 1)}",0.6565656565656566,0.7397959183673469,0.6666666666666666,0.5699481865284974,0.5759162303664922,0.6417785316989321,0.06315524940558896,127,1.0,1.0,1.0,1.0,1.0,1.0,0.0
0.9724877834320068,0.22486182481822398,0.11772890090942383,0.022205024355904948,100.0,balanced,l2,liblinear,5000,5,"(1, 2)","{'clf__C': 100, 'clf__class_weight': 'balanced', 'clf__penalty': 'l2', 'clf__solver': 'liblinear', 'tfidf__max_features': 5000, 'tfidf__min_df': 5, 'tfidf__ngram_range': (1, 2)}",0.746268656716418,0.6735751295336787,0.6510416666666666,0.5759162303664922,0.6735751295336787,0.6640753625633868,0.05454931450924772,112,1.0,1.0,1.0,0.9987113402061856,1.0,0.999742268041237,0.0005154639175257714
0.2305384635925293,0.028351947732847885,0.05809130668640137,0.014640373738019201,100.0,balanced,l2,liblinear,10000,2,"(1, 1)","{'clf__C': 100, 'clf__class_weight': 'balanced', 'clf__penalty': 'l2', 'clf__solver': 'liblinear', 'tfidf__max_features': 10000, 'tfidf__min_df': 2, 'tfidf__ngram_range': (1, 1)}",0.725,0.7253886010362695,0.6052631578947368,0.5958549222797928,0.5958549222797928,0.6494723206981183,0.06192223003604352,122,1.0,1.0,1.0,1.0,1.0,1.0,0.0
1.0881072521209716,0.19709042640845345,0.10722441673278808,0.02373109264494776,100.0,balanced,l2,liblinear,10000,2,"(1, 2)","{'clf__C': 100, 'clf__class_weight': 'balanced', 'clf__penalty': 'l2', 'clf__solver': 'liblinear', 'tfidf__max_features': 10000, 'tfidf__min_df': 2, 'tfidf__ngram_range': (1, 2)}",0.775,0.6613756613756614,0.6476683937823834,0.6443298969072165,0.6282722513089005,0.6713292406748324,0.05289499910715473,103,1.0,1.0,1.0,0.9987113402061856,1.0,0.999742268041237,0.0005154639175257714
0.23129749298095703,0.015141330540417997,0.05670995712280273,0.004987070400971721,100.0,balanced,l2,liblinear,10000,3,"(1, 1)","{'clf__C': 100, 'clf__class_weight': 'balanced', 'clf__penalty': 'l2', 'clf__solver': 'liblinear', 'tfidf__max_features': 10000, 'tfidf__min_df': 3, 'tfidf__ngram_range': (1, 1)}",0.7,0.7397959183673469,0.6217616580310881,0.5699481865284974,0.5729166666666666,0.6408844859187197,0.06825742603645756,130,1.0,1.0,1.0,1.0,1.0,1.0,0.0
1.2003109455108643,0.22690413578938604,0.14548029899597167,0.025115365020212475,100.0,balanced,l2,liblinear,10000,3,"(1, 2)","{'clf__C': 100, 'clf__class_weight': 'balanced', 'clf__penalty': 'l2', 'clf__solver': 'liblinear', 'tfidf__max_features': 10000, 'tfidf__min_df': 3, 'tfidf__ngram_range': (1, 2)}",0.7286432160804021,0.6578947368421053,0.6701030927835051,0.6476683937823834,0.6052631578947368,0.6619145194766265,0.03987043817679417,113,1.0,1.0,1.0,0.9987113402061856,1.0,0.999742268041237,0.0005154639175257714
0.2338573932647705,0.009169033763867206,0.050901174545288086,0.004965221646474805,100.0,balanced,l2,liblinear,10000,5,"(1, 1)","{'clf__C': 100, 'clf__class_weight': 'balanced', 'clf__penalty': 'l2', 'clf__solver': 'liblinear', 'tfidf__max_features': 10000, 'tfidf__min_df': 5, 'tfidf__ngram_range': (1, 1)}",0.6565656565656566,0.7397959183673469,0.6666666666666666,0.5699481865284974,0.5759162303664922,0.6417785316989321,0.06315524940558896,127,1.0,1.0,1.0,1.0,1.0,1.0,0.0
1.0089252471923829,0.16199913247470082,0.0956953525543213,0.02763635665401815,100.0,balanced,l2,liblinear,10000,5,"(1, 2)","{'clf__C': 100, 'clf__class_weight': 'balanced', 'clf__penalty': 'l2', 'clf__solver': 'liblinear', 'tfidf__max_features': 10000, 'tfidf__min_df': 5, 'tfidf__ngram_range': (1, 2)}",0.7711442786069652,0.6282722513089005,0.6735751295336787,0.6020942408376964,0.6476683937823834,0.664550858813925,0.0582161124127541,110,1.0,1.0,1.0,0.9987113402061856,1.0,0.999742268041237,0.0005154639175257714
0.22555460929870605,0.011751523022595614,0.0550837516784668,0.006848642688367073,100.0,balanced,l2,liblinear,20000,2,"(1, 1)","{'clf__C': 100, 'clf__class_weight': 'balanced', 'clf__penalty': 'l2', 'clf__solver': 'liblinear', 'tfidf__max_features': 20000, 'tfidf__min_df': 2, 'tfidf__ngram_range': (1, 1)}",0.725,0.7253886010362695,0.6052631578947368,0.5958549222797928,0.5958549222797928,0.6494723206981183,0.06192223003604352,122,1.0,1.0,1.0,1.0,1.0,1.0,0.0
1.0515023231506349,0.18575786678333772,0.09869823455810547,0.012686993045200124,100.0,balanced,l2,liblinear,20000,2,"(1, 2)","{'clf__C': 100, 'clf__class_weight': 'balanced', 'clf__penalty': 'l2', 'clf__solver': 'liblinear', 'tfidf__max_features': 20000, 'tfidf__min_df': 2, 'tfidf__ngram_range': (1, 2)}",0.7360406091370558,0.7068062827225131,0.6476683937823834,0.6217616580310881,0.631578947368421,0.6687711782082923,0.04474445227187615,108,1.0,1.0,1.0,0.9987113402061856,1.0,0.999742268041237,0.0005154639175257714
0.23101677894592285,0.01400781301109325,0.04746236801147461,0.004136781391533522,100.0,balanced,l2,liblinear,20000,3,"(1, 1)","{'clf__C': 100, 'clf__class_weight': 'balanced', 'clf__penalty': 'l2', 'clf__solver': 'liblinear', 'tfidf__max_features': 20000, 'tfidf__min_df': 3, 'tfidf__ngram_range': (1, 1)}",0.7,0.7397959183673469,0.6217616580310881,0.5699481865284974,0.5729166666666666,0.6408844859187197,0.06825742603645756,130,1.0,1.0,1.0,1.0,1.0,1.0,0.0
0.887517261505127,0.09209048326600458,0.07548213005065918,0.00728316765348262,100.0,balanced,l2,liblinear,20000,3,"(1, 2)","{'clf__C': 100, 'clf__class_weight': 'balanced', 'clf__penalty': 'l2', 'clf__solver': 'liblinear', 'tfidf__max_features': 20000, 'tfidf__min_df': 3, 'tfidf__ngram_range': (1, 2)}",0.7286432160804021,0.6613756613756614,0.6282722513089005,0.625,0.6282722513089005,0.6543126760147728,0.039472409000535266,121,1.0,1.0,1.0,0.9987113402061856,1.0,0.999742268041237,0.0005154639175257714
0.22215871810913085,0.014564825450907433,0.05811872482299805,0.004796059949791747,100.0,balanced,l2,liblinear,20000,5,"(1, 1)","{'clf__C': 100, 'clf__class_weight': 'balanced', 'clf__penalty': 'l2', 'clf__solver': 'liblinear', 'tfidf__max_features': 20000, 'tfidf__min_df': 5, 'tfidf__ngram_range': (1, 1)}",0.6565656565656566,0.7397959183673469,0.6666666666666666,0.5699481865284974,0.5759162303664922,0.6417785316989321,0.06315524940558896,127,1.0,1.0,1.0,1.0,1.0,1.0,0.0
0.7108184814453125,0.03802104754665654,0.0525421142578125,0.004606312958617538,100.0,balanced,l2,liblinear,20000,5,"(1, 2)","{'clf__C': 100, 'clf__class_weight': 'balanced', 'clf__penalty': 'l2', 'clf__solver': 'liblinear', 'tfidf__max_features': 20000, 'tfidf__min_df': 5, 'tfidf__ngram_range': (1, 2)}",0.7711442786069652,0.6282722513089005,0.6735751295336787,0.6020942408376964,0.6476683937823834,0.664550858813925,0.0582161124127541,110,1.0,1.0,1.0,0.9987113402061856,1.0,0.999742268041237,0.0005154639175257714
